/*
 Navicat Premium Data Transfer

 Source Server         : AlexLin
 Source Server Type    : MySQL
 Source Server Version : 50562
 Source Host           : 114.215.209.136:3306
 Source Schema         : schoolfood

 Target Server Type    : MySQL
 Target Server Version : 50562
 File Encoding         : 65001

 Date: 31/01/2022 16:21:22
*/

SET NAMES utf8mb4;
SET FOREIGN_KEY_CHECKS = 0;

-- ----------------------------
-- Table structure for category
-- ----------------------------
DROP TABLE IF EXISTS `category`;
CREATE TABLE `category` (
  `name` varchar(20) NOT NULL,
  `explain` varchar(255) DEFAULT NULL,
  PRIMARY KEY (`name`)
) ENGINE=InnoDB DEFAULT CHARSET=utf8;

-- ----------------------------
-- Records of category
-- ----------------------------
BEGIN;
INSERT INTO `category` VALUES ('便餐类', '各楼层的快餐');
INSERT INTO `category` VALUES ('套餐类', '有菜又有饭的，或者标明是套餐的');
INSERT INTO `category` VALUES ('小吃类', '顾名思义，火腿肠，汉堡，烤冷面，白果之类的单品，别把饮品写进来');
INSERT INTO `category` VALUES ('早餐类', '无法归属于其它类的早餐食物，例如某些楼早上特有的卤蛋，或者烧卖之类的');
INSERT INTO `category` VALUES ('杂项类', '香锅，麻辣烫之类的菜品');
INSERT INTO `category` VALUES ('汤类', '顾名思义');
INSERT INTO `category` VALUES ('粥类', '顾名思义');
INSERT INTO `category` VALUES ('面食类', '包子，馒头，有汤有粉，或有汤有面等由面粉制作的食物');
INSERT INTO `category` VALUES ('饮品类', '顾名思义');
COMMIT;

-- ----------------------------
-- Table structure for comments
-- ----------------------------
DROP TABLE IF EXISTS `comments`;
CREATE TABLE `comments` (
  `id` int(6) NOT NULL AUTO_INCREMENT,
  `username` varchar(30) NOT NULL,
  `comment` text NOT NULL,
  `createtime` timestamp NOT NULL DEFAULT CURRENT_TIMESTAMP ON UPDATE CURRENT_TIMESTAMP,
  PRIMARY KEY (`id`),
  KEY `comment_username` (`username`),
  CONSTRAINT `comment_username` FOREIGN KEY (`username`) REFERENCES `userinfo` (`username`)
) ENGINE=InnoDB AUTO_INCREMENT=11 DEFAULT CHARSET=utf8;

-- ----------------------------
-- Records of comments
-- ----------------------------
BEGIN;
INSERT INTO `comments` VALUES (8, 'user', 'delicious', '2021-06-09 17:56:31');
INSERT INTO `comments` VALUES (9, 'user', '喜刷刷', '2021-06-09 18:01:04');
INSERT INTO `comments` VALUES (10, 'user', '啦啦啦', '2021-06-24 23:52:14');
COMMIT;

-- ----------------------------
-- Table structure for favorite
-- ----------------------------
DROP TABLE IF EXISTS `favorite`;
CREATE TABLE `favorite` (
  `username` varchar(30) NOT NULL,
  `favorite` varchar(60) NOT NULL,
  PRIMARY KEY (`username`,`favorite`),
  CONSTRAINT `favorite_username` FOREIGN KEY (`username`) REFERENCES `userinfo` (`username`)
) ENGINE=InnoDB DEFAULT CHARSET=utf8;

-- ----------------------------
-- Records of favorite
-- ----------------------------
BEGIN;
INSERT INTO `favorite` VALUES ('user', '粉面世家');
COMMIT;

-- ----------------------------
-- Table structure for feedback
-- ----------------------------
DROP TABLE IF EXISTS `feedback`;
CREATE TABLE `feedback` (
  `username` varchar(30) DEFAULT NULL,
  `contact` varchar(50) DEFAULT NULL,
  `feedback` text NOT NULL,
  KEY `username` (`username`)
) ENGINE=InnoDB DEFAULT CHARSET=utf8;

-- ----------------------------
-- Records of feedback
-- ----------------------------
BEGIN;
INSERT INTO `feedback` VALUES ('280', 'contact', 'ff');
INSERT INTO `feedback` VALUES ('user', 'fd', '');
INSERT INTO `feedback` VALUES ('user', 'ffdd', 'dffdfdf');
INSERT INTO `feedback` VALUES ('undefined', 'woshinidie', '13809563579');
INSERT INTO `feedback` VALUES ('undefined', '丰富的腹股沟', '233');
INSERT INTO `feedback` VALUES ('undefined', '徐哈哈哈', '');
INSERT INTO `feedback` VALUES ('undefined', '个人奋斗通过', '');
INSERT INTO `feedback` VALUES ('undefined', '测试成功', '13809563579');
INSERT INTO `feedback` VALUES ('undefined', '不给你危险2', '最终测试成功，功能一万次2');
INSERT INTO `feedback` VALUES ('user', 'f13414}', 'ffdfdf');
INSERT INTO `feedback` VALUES ('undefined', '18120911190}', '我是傻逼');
INSERT INTO `feedback` VALUES ('280', 'contact', 'ff');
INSERT INTO `feedback` VALUES ('undefined', '977782528}', 'Test');
INSERT INTO `feedback` VALUES ('undefined', 'vbhh}', 'bbvbj');
INSERT INTO `feedback` VALUES ('undefined', '1637827581}', '莫得食欲');
INSERT INTO `feedback` VALUES ('undefined', '18120911190}', '啧啧啧');
INSERT INTO `feedback` VALUES ('undefined', '}', '还行吧');
INSERT INTO `feedback` VALUES ('undefined', '}', '嘤嘤嘤');
INSERT INTO `feedback` VALUES ('undefined', '}', '。。。。');
INSERT INTO `feedback` VALUES ('undefined', '}', '嗨咯，小黑');
INSERT INTO `feedback` VALUES ('undefined', '}', '嗨咯，小鹦鹉');
INSERT INTO `feedback` VALUES ('undefined', '}', '嗨咯，小');
INSERT INTO `feedback` VALUES ('user', '123', '无');
INSERT INTO `feedback` VALUES ('2807', 'eijejssjejsjsjsjeejejej}', 'eusueiwieiowowowow');
INSERT INTO `feedback` VALUES ('dad', '}', 'fuck of little yuhon');
INSERT INTO `feedback` VALUES ('dad', '}', '嘤嘤嘤');
INSERT INTO `feedback` VALUES ('dad', '}', '');
INSERT INTO `feedback` VALUES ('dad', '}', '');
INSERT INTO `feedback` VALUES ('dad', '}', '');
INSERT INTO `feedback` VALUES ('dad', '}', '1');
INSERT INTO `feedback` VALUES ('alex', 'alex新注册用户}', '查看用户名是否正确以及 是否反馈成功');
INSERT INTO `feedback` VALUES ('a', 'springboot测试2', '13809563579');
INSERT INTO `feedback` VALUES ('a', 'springboot测试3', '13809563579');
INSERT INTO `feedback` VALUES ('a', '2', '2');
INSERT INTO `feedback` VALUES ('a', '3', '3');
COMMIT;

-- ----------------------------
-- Table structure for menu
-- ----------------------------
DROP TABLE IF EXISTS `menu`;
CREATE TABLE `menu` (
  `name` varchar(15) NOT NULL,
  `restaurant` varchar(15) NOT NULL,
  `category` varchar(15) NOT NULL,
  `price` varchar(4) NOT NULL,
  `score` int(1) DEFAULT NULL,
  `picture` varchar(255) DEFAULT NULL,
  PRIMARY KEY (`restaurant`,`name`),
  KEY `catogory` (`category`),
  CONSTRAINT `catogory` FOREIGN KEY (`category`) REFERENCES `category` (`name`),
  CONSTRAINT `restaurant_name` FOREIGN KEY (`restaurant`) REFERENCES `restaurant` (`name`)
) ENGINE=InnoDB DEFAULT CHARSET=utf8;

-- ----------------------------
-- Records of menu
-- ----------------------------
BEGIN;
INSERT INTO `menu` VALUES ('荤素一个价', '3楼麻辣香锅(1.98/50g', '套餐类', '1.98', NULL, NULL);
INSERT INTO `menu` VALUES ('乌龙奶茶', '7°sky', '饮品类', '6.00', NULL, NULL);
INSERT INTO `menu` VALUES ('冬雪嫣红', '7°sky', '饮品类', '11.0', NULL, NULL);
INSERT INTO `menu` VALUES ('四季奶青', '7°sky', '饮品类', '6.00', NULL, NULL);
INSERT INTO `menu` VALUES ('四季春茶', '7°sky', '饮品类', '4.00', NULL, NULL);
INSERT INTO `menu` VALUES ('夏至云茉', '7°sky', '饮品类', '11.0', NULL, NULL);
INSERT INTO `menu` VALUES ('多肉葡萄', '7°sky', '饮品类', '13.0', NULL, NULL);
INSERT INTO `menu` VALUES ('奥利奥星冰乐', '7°sky', '饮品类', '10.0', NULL, NULL);
INSERT INTO `menu` VALUES ('奶绿', '7°sky', '饮品类', '6.00', NULL, NULL);
INSERT INTO `menu` VALUES ('奶茶', '7°sky', '饮品类', '6.00', NULL, NULL);
INSERT INTO `menu` VALUES ('抹茶星冰乐', '7°sky', '饮品类', '11.0', NULL, NULL);
INSERT INTO `menu` VALUES ('杨枝甘露', '7°sky', '饮品类', '9.00', NULL, NULL);
INSERT INTO `menu` VALUES ('满杯西柚', '7°sky', '饮品类', '9.00', NULL, NULL);
INSERT INTO `menu` VALUES ('生打椰椰冻', '7°sky', '饮品类', '8.00', NULL, NULL);
INSERT INTO `menu` VALUES ('生打椰椰芒', '7°sky', '饮品类', '10.0', NULL, NULL);
INSERT INTO `menu` VALUES ('百香果双响炮', '7°sky', '饮品类', '9.00', NULL, NULL);
INSERT INTO `menu` VALUES ('百香金菠萝', '7°sky', '饮品类', '9.00', NULL, NULL);
INSERT INTO `menu` VALUES ('直火乌龙', '7°sky', '饮品类', '4.00', NULL, NULL);
INSERT INTO `menu` VALUES ('老盐柠檬茶', '7°sky', '饮品类', '9.00', NULL, NULL);
INSERT INTO `menu` VALUES ('芋泥波波冰', '7°sky', '饮品类', '11.0', NULL, NULL);
INSERT INTO `menu` VALUES ('芒果星冰乐', '7°sky', '饮品类', '11.0', NULL, NULL);
INSERT INTO `menu` VALUES ('芝芝乌龙', '7°sky', '饮品类', '8.00', NULL, NULL);
INSERT INTO `menu` VALUES ('芝芝四季春', '7°sky', '饮品类', '8.00', NULL, NULL);
INSERT INTO `menu` VALUES ('芝芝忙忙', '7°sky', '饮品类', '13.0', NULL, NULL);
INSERT INTO `menu` VALUES ('芝芝水蜜桃', '7°sky', '饮品类', '13.0', NULL, NULL);
INSERT INTO `menu` VALUES ('芝芝茉莉', '7°sky', '饮品类 ', '8.00', NULL, NULL);
INSERT INTO `menu` VALUES ('芝芝草莓', '7°sky', '饮品类', '13.0', NULL, NULL);
INSERT INTO `menu` VALUES ('茉莉绿茶', '7°sky', '饮品类', '4.00', NULL, NULL);
INSERT INTO `menu` VALUES ('阿华田星冰乐', '7°sky', '饮品类', '11.0', NULL, NULL);
INSERT INTO `menu` VALUES ('阿萨姆红茶', '7°sky', '饮品类', '4.00', NULL, NULL);
INSERT INTO `menu` VALUES ('香檬红茶', '7°sky', '饮品类', '6.00', NULL, NULL);
INSERT INTO `menu` VALUES ('一颗柠檬红', 'D杯', '饮品类', '9.90', NULL, NULL);
INSERT INTO `menu` VALUES ('一颗柠檬绿', 'D杯', '饮品类', '9.90', NULL, NULL);
INSERT INTO `menu` VALUES ('七分甜', 'D杯', '杂项类', '0.00', NULL, NULL);
INSERT INTO `menu` VALUES ('三分甜', 'D杯', '杂项类', '0.00', NULL, NULL);
INSERT INTO `menu` VALUES ('不加糖', 'D杯', '杂项类', '0.00', NULL, NULL);
INSERT INTO `menu` VALUES ('五分甜', 'D杯', '杂项类', '0.00', NULL, NULL);
INSERT INTO `menu` VALUES ('仙草', 'D杯', '杂项类', '1.00', NULL, NULL);
INSERT INTO `menu` VALUES ('去冰', 'D杯', '杂项类', '0.00', NULL, NULL);
INSERT INTO `menu` VALUES ('双皮奶（中杯）', 'D杯', '饮品类', '8.00', NULL, NULL);
INSERT INTO `menu` VALUES ('古兰红茶+鲜奶盖（超大杯1L）', 'D杯', '饮品类', '11.0', NULL, NULL);
INSERT INTO `menu` VALUES ('古兰红茶（大杯）', 'D杯', '饮品类', '7.00', NULL, NULL);
INSERT INTO `menu` VALUES ('古兰红茶（超大杯1L）', 'D杯', '饮品类', '8.00', NULL, NULL);
INSERT INTO `menu` VALUES ('咖啡冻', 'D杯', '杂项类', '1.00', NULL, NULL);
INSERT INTO `menu` VALUES ('多冰', 'D杯', '杂项类', '0.00', NULL, NULL);
INSERT INTO `menu` VALUES ('多肉', 'D杯', '杂项类', '2.00', NULL, NULL);
INSERT INTO `menu` VALUES ('多肉芒果&芝士/酸奶（大杯）', 'D杯', '饮品类', '16.0', NULL, NULL);
INSERT INTO `menu` VALUES ('多肉草莓&芝士/酸奶（大杯）', 'D杯', '饮品类', '18.0', NULL, NULL);
INSERT INTO `menu` VALUES ('多肉葡萄&芝士/酸奶（大杯）', 'D杯', '饮品类', '18.0', NULL, NULL);
INSERT INTO `menu` VALUES ('奥利奥', 'D杯', '杂项类', '2.00', NULL, NULL);
INSERT INTO `menu` VALUES ('奥利奥奶茶/奶绿（中杯）', 'D杯', '饮品类', '10.0', NULL, NULL);
INSERT INTO `menu` VALUES ('奥利奥奶茶/奶绿（大杯）', 'D杯', '饮品类', '11.0', NULL, NULL);
INSERT INTO `menu` VALUES ('奥利奥奶茶/奶绿（超大杯1l）', 'D杯', '饮品类', '15.0', NULL, NULL);
INSERT INTO `menu` VALUES ('奶茶仙草（超大杯1L）', 'D杯', '饮品类', '15.0', NULL, NULL);
INSERT INTO `menu` VALUES ('奶茶烧仙草（大杯）', 'D杯', '饮品类', '13.0', NULL, NULL);
INSERT INTO `menu` VALUES ('布丁', 'D杯', '杂项类', '1.00', NULL, NULL);
INSERT INTO `menu` VALUES ('常温', 'D杯', '杂项类', '0.00', NULL, NULL);
INSERT INTO `menu` VALUES ('杨枝甘露（大杯）', 'D杯', '饮品类', '16.0', NULL, NULL);
INSERT INTO `menu` VALUES ('梅子茉莉绿茶', 'D杯', '饮品类', '9.90', NULL, NULL);
INSERT INTO `menu` VALUES ('椰奶西米露（大杯）', 'D杯', '饮品类', '11.0', NULL, NULL);
INSERT INTO `menu` VALUES ('椰奶西米露（超大杯1L）', 'D杯', '饮品类', '12.0', NULL, NULL);
INSERT INTO `menu` VALUES ('椰果', 'D杯', '杂项类', '2.00', NULL, NULL);
INSERT INTO `menu` VALUES ('椰果奶茶/奶绿（中杯）', 'D杯', '饮品类', '9.00', NULL, NULL);
INSERT INTO `menu` VALUES ('椰果奶茶/奶绿（大杯）', 'D杯', '饮品类', '10.0', NULL, NULL);
INSERT INTO `menu` VALUES ('椰果奶茶/奶绿（超大杯1L）', 'D杯', '饮品类', '15.0', NULL, NULL);
INSERT INTO `menu` VALUES ('波霸奶茶/奶绿（中杯）', 'D杯', '饮品类', '9.00', NULL, NULL);
INSERT INTO `menu` VALUES ('波霸奶茶/奶绿（大杯）', 'D杯', '饮品类', '10.0', NULL, NULL);
INSERT INTO `menu` VALUES ('波霸奶茶/奶绿（超大杯1L）', 'D杯', '饮品类', '15.0', NULL, NULL);
INSERT INTO `menu` VALUES ('海盐柠檬茶（大杯）', 'D杯', '饮品类', '12.0', NULL, NULL);
INSERT INTO `menu` VALUES ('海盐柠檬茶（超大杯1L）', 'D杯', '饮品类', '14.0', NULL, NULL);
INSERT INTO `menu` VALUES ('温热', 'D杯', '杂项类', '0.00', NULL, NULL);
INSERT INTO `menu` VALUES ('满杯柳橙(大杯)', 'D杯', '饮品类', '13.0', NULL, NULL);
INSERT INTO `menu` VALUES ('满杯柳橙（超大1L)', 'D杯', '饮品类', '15.0', NULL, NULL);
INSERT INTO `menu` VALUES ('满杯西柚（大杯）', 'D杯', '饮品类', '14.0', NULL, NULL);
INSERT INTO `menu` VALUES ('满杯西柚（超大1L）', 'D杯', '饮品类', '16.0', NULL, NULL);
INSERT INTO `menu` VALUES ('焦糖烤奶（中杯）', 'D杯', '饮品类', '10.0', NULL, NULL);
INSERT INTO `menu` VALUES ('焦糖烤奶（大杯）', 'D杯', '饮品类', '11.0', NULL, NULL);
INSERT INTO `menu` VALUES ('焦糖烤奶（超大杯1L）', 'D杯', '饮品类', '15.0', NULL, NULL);
INSERT INTO `menu` VALUES ('玲珑蜜瓜&芝士/酸奶（大杯）', 'D杯', '饮品类', '17.0', NULL, NULL);
INSERT INTO `menu` VALUES ('珍珠', 'D杯', '杂项类', '2.00', NULL, NULL);
INSERT INTO `menu` VALUES ('白桃乌龙+鲜奶盖（大杯）', 'D杯', '饮品类', '11.0', NULL, NULL);
INSERT INTO `menu` VALUES ('白桃乌龙+鲜奶盖（超大杯1L）', 'D杯', '饮品类', '14.0', NULL, NULL);
INSERT INTO `menu` VALUES ('白桃乌龙（大杯）', 'D杯', '饮品类', '8.00', NULL, NULL);
INSERT INTO `menu` VALUES ('白桃乌龙（超大杯1L）', 'D杯', '饮品类', '11.0', NULL, NULL);
INSERT INTO `menu` VALUES ('百香三重奏（大杯）', 'D杯', '饮品类', '13.0', NULL, NULL);
INSERT INTO `menu` VALUES ('百香三重奏（超大杯1L）', 'D杯', '饮品类', '16.0', NULL, NULL);
INSERT INTO `menu` VALUES ('碳培乌龙+鲜奶盖（大杯）', 'D杯', '饮品类', '10.0', NULL, NULL);
INSERT INTO `menu` VALUES ('碳培乌龙+鲜奶盖（超大杯1L）', 'D杯', '饮品类', '11.0', NULL, NULL);
INSERT INTO `menu` VALUES ('碳培乌龙（大杯）', 'D杯', '饮品类', '7.00', NULL, NULL);
INSERT INTO `menu` VALUES ('碳培乌龙（超大杯1L）', 'D杯', '饮品类', '8.00', NULL, NULL);
INSERT INTO `menu` VALUES ('红豆', 'D杯', '杂项类', '2.00', NULL, NULL);
INSERT INTO `menu` VALUES ('芋圆', 'D杯', '杂项类', '2.00', NULL, NULL);
INSERT INTO `menu` VALUES ('芋圆麻薯奶茶/奶绿（中杯）', 'D杯', '饮品类', '12.0', NULL, NULL);
INSERT INTO `menu` VALUES ('芋圆麻薯奶茶/奶绿（大杯）', 'D杯', '饮品类', '13.0', NULL, NULL);
INSERT INTO `menu` VALUES ('芋圆麻薯奶茶/奶绿（超大杯1L', 'D杯', '饮品类', '16.0', NULL, NULL);
INSERT INTO `menu` VALUES ('芋泥波波奶茶/奶绿（中杯）', 'D杯', '饮品类', '12.0', NULL, NULL);
INSERT INTO `menu` VALUES ('芋泥波波奶茶/奶绿（大杯）', 'D杯', '饮品类', '13.0', NULL, NULL);
INSERT INTO `menu` VALUES ('芋泥波波奶茶/奶绿（超大杯1L', 'D杯', '饮品类', '16.0', NULL, NULL);
INSERT INTO `menu` VALUES ('芒果椰奶（大杯）', 'D杯', '饮品类', '13.0', NULL, NULL);
INSERT INTO `menu` VALUES ('芒果椰奶（超大杯1L）', 'D杯', '饮品类', '14.0', NULL, NULL);
INSERT INTO `menu` VALUES ('芝士红豆抹茶（中杯）', 'D杯', '饮品类', '12.0', NULL, NULL);
INSERT INTO `menu` VALUES ('芝士红豆抹茶（大杯）', 'D杯', '饮品类', '13.0', NULL, NULL);
INSERT INTO `menu` VALUES ('草莓椰奶（大杯）', 'D杯', '饮品类', '13.0', NULL, NULL);
INSERT INTO `menu` VALUES ('草莓椰奶（超大杯1L）', 'D杯', '饮品类', '14.0', NULL, NULL);
INSERT INTO `menu` VALUES ('蛋糕西米奶茶/奶绿（中杯）', 'D杯', '饮品类', '11.0', NULL, NULL);
INSERT INTO `menu` VALUES ('蛋糕西米奶茶/奶绿（大杯）', 'D杯', '饮品类', '12.0', NULL, NULL);
INSERT INTO `menu` VALUES ('蛋糕西米奶茶/奶绿（超大杯1L', 'D杯', '饮品类', '16.0', NULL, NULL);
INSERT INTO `menu` VALUES ('蛋糕酱', 'D杯', '杂项类', '3.00', NULL, NULL);
INSERT INTO `menu` VALUES ('蜂蜜冻', 'D杯', '杂项类', '2.00', NULL, NULL);
INSERT INTO `menu` VALUES ('蜜水烧仙草（大杯）', 'D杯', '饮品类', '12.0', NULL, NULL);
INSERT INTO `menu` VALUES ('蜜水烧仙草（超大杯1L）', 'D杯', '饮品类', '13.0', NULL, NULL);
INSERT INTO `menu` VALUES ('西柚椰奶（大杯）', 'D杯', '饮品类', '14.0', NULL, NULL);
INSERT INTO `menu` VALUES ('西柚椰奶（超大杯1L）', 'D杯', '饮品类', '16.0', NULL, NULL);
INSERT INTO `menu` VALUES ('西米', 'D杯', '杂项类', '1.00', NULL, NULL);
INSERT INTO `menu` VALUES ('霸王杯奶茶/绿茶', 'D杯', '饮品类', '15.0', NULL, NULL);
INSERT INTO `menu` VALUES ('霸王杯西瓜', 'D杯', '饮品类', '13.0', NULL, NULL);
INSERT INTO `menu` VALUES ('青桔柠檬（大杯）', 'D杯', '饮品类', '12.0', NULL, NULL);
INSERT INTO `menu` VALUES ('青桔柠檬（超大杯1L）', 'D杯', '饮品类', '14.0', NULL, NULL);
INSERT INTO `menu` VALUES ('青翠茉莉+鲜奶盖（大杯）', 'D杯', '饮品类', '10.0', NULL, NULL);
INSERT INTO `menu` VALUES ('青翠茉莉+鲜奶盖（超大杯1L）', 'D杯', '饮品类', '11.0', NULL, NULL);
INSERT INTO `menu` VALUES ('青翠茉莉（大杯）', 'D杯', '饮品类', '7.00', NULL, NULL);
INSERT INTO `menu` VALUES ('青翠茉莉（超大杯1L）', 'D杯', '饮品类', '8.00', NULL, NULL);
INSERT INTO `menu` VALUES ('鲜奶盖', 'D杯', '杂项类', '3.00', NULL, NULL);
INSERT INTO `menu` VALUES ('麻薯', 'D杯', '杂项类', '2.00', NULL, NULL);
INSERT INTO `menu` VALUES ('F+牛肉饭', 'F牛肉饭', '套餐类', '18.0', NULL, NULL);
INSERT INTO `menu` VALUES ('可乐鸡', 'F牛肉饭', '套餐类', '14.0', NULL, NULL);
INSERT INTO `menu` VALUES ('台湾卤肉', 'F牛肉饭', '套餐类', '15.0', NULL, NULL);
INSERT INTO `menu` VALUES ('宫保鸡丁', 'F牛肉饭', '套餐类', '12.0', NULL, NULL);
INSERT INTO `menu` VALUES ('巴西烤香鸡', 'F牛肉饭', '套餐类', '14.0', NULL, NULL);
INSERT INTO `menu` VALUES ('港式叉烧', 'F牛肉饭', '套餐类', '15.0', NULL, NULL);
INSERT INTO `menu` VALUES ('牛肉拼茄子', 'F牛肉饭', '套餐类', '14.0', NULL, NULL);
INSERT INTO `menu` VALUES ('肉末茄子', 'F牛肉饭', '套餐类', '11.0', NULL, NULL);
INSERT INTO `menu` VALUES ('辣子鸡', 'F牛肉饭', '套餐类', '13.0', NULL, NULL);
INSERT INTO `menu` VALUES ('鱼香肉丝', 'F牛肉饭', '套餐类', '12.0', NULL, NULL);
INSERT INTO `menu` VALUES ('鸡扒拼牛肉', 'F牛肉饭', '套餐类', '16.0', NULL, NULL);
INSERT INTO `menu` VALUES ('鸡扒拼茄子', 'F牛肉饭', '套餐类', '14.0', NULL, NULL);
INSERT INTO `menu` VALUES ('黑椒鸡扒', 'F牛肉饭', '套餐类', '14.0', NULL, NULL);
INSERT INTO `menu` VALUES ('原味渔粉', '五谷渔粉', '面食类', '13.0', NULL, NULL);
INSERT INTO `menu` VALUES ('小笼包', '五谷渔粉', '面食类', '7.00', NULL, NULL);
INSERT INTO `menu` VALUES ('拌面', '五谷渔粉', '面食类', '5.00', NULL, NULL);
INSERT INTO `menu` VALUES ('招牌渔粉', '五谷渔粉', '面食类', '13.0', NULL, NULL);
INSERT INTO `menu` VALUES ('清汤面', '五谷渔粉', '面食类', '6.00', NULL, NULL);
INSERT INTO `menu` VALUES ('牛杂汤', '五谷渔粉', '汤类', '8.00', NULL, NULL);
INSERT INTO `menu` VALUES ('牛杂汤+芋头饭', '五谷渔粉', '早餐类', '13.0', NULL, NULL);
INSERT INTO `menu` VALUES ('牛肉面', '五谷渔粉', '面食类', '13.0', NULL, NULL);
INSERT INTO `menu` VALUES ('玉米粉', '五谷渔粉', '面食类', '11.0', NULL, NULL);
INSERT INTO `menu` VALUES ('番茄粉', '五谷渔粉', '面食类', '11.0', NULL, NULL);
INSERT INTO `menu` VALUES ('番茄鱼丸粉', '五谷渔粉', '面食类', '13.0', NULL, NULL);
INSERT INTO `menu` VALUES ('福鼎肉片', '五谷渔粉', '小吃类', '10.0', NULL, NULL);
INSERT INTO `menu` VALUES ('红烧鸡块粉', '五谷渔粉', '面食类', '13.0', NULL, NULL);
INSERT INTO `menu` VALUES ('肉末粉', '五谷渔粉', '面食类', '12.0', NULL, NULL);
INSERT INTO `menu` VALUES ('肉片+芋头饭', '五谷渔粉', '早餐类', '14.0', NULL, NULL);
INSERT INTO `menu` VALUES ('肉片＋小笼包', '五谷渔粉', '早餐类', '15.0', NULL, NULL);
INSERT INTO `menu` VALUES ('肥牛粉', '五谷渔粉', '面食类', '13.0', NULL, NULL);
INSERT INTO `menu` VALUES ('芋头饭', '五谷渔粉', '早餐类', '6.00', NULL, NULL);
INSERT INTO `menu` VALUES ('花甲粉', '五谷渔粉', '面食类', '13.0', NULL, NULL);
INSERT INTO `menu` VALUES ('酸辣渔粉', '五谷渔粉', '面食类', '13.0', NULL, NULL);
INSERT INTO `menu` VALUES ('金汤渔粉', '五谷渔粉', '面食类', '13.0', NULL, NULL);
INSERT INTO `menu` VALUES ('香辣培根粉', '五谷渔粉', '面食类', '13.0', NULL, NULL);
INSERT INTO `menu` VALUES ('香辣肥肠粉', '五谷渔粉', '面食类', '15.0', NULL, NULL);
INSERT INTO `menu` VALUES ('鱼丸粉', '五谷渔粉', '面食类', '12.0', NULL, NULL);
INSERT INTO `menu` VALUES ('鱼头渔粉', '五谷渔粉', '面食类', '13.0', NULL, NULL);
INSERT INTO `menu` VALUES ('鱼豆腐粉', '五谷渔粉', '面食类', '12.0', NULL, NULL);
INSERT INTO `menu` VALUES ('鸡排粉', '五谷渔粉', '面食类', '14.0', NULL, NULL);
INSERT INTO `menu` VALUES ('麻辣牛肉粉', '五谷渔粉', '面食类', '15.0', NULL, NULL);
INSERT INTO `menu` VALUES ('龙利渔粉', '五谷渔粉', '面食类', '14.0', NULL, NULL);
INSERT INTO `menu` VALUES ('兰州炒饭', '兰州拉面', '套餐类', '13.0', NULL, NULL);
INSERT INTO `menu` VALUES ('回锅牛肉盖浇面', '兰州拉面', '面食类', '16.0', NULL, NULL);
INSERT INTO `menu` VALUES ('回锅牛肉盖浇饭', '兰州拉面', '套餐类', '16.0', NULL, NULL);
INSERT INTO `menu` VALUES ('土豆烧牛肉盖浇面', '兰州拉面', '面食类', '16.0', NULL, NULL);
INSERT INTO `menu` VALUES ('土豆烧牛肉盖浇饭', '兰州拉面', '套餐类', '16.0', NULL, NULL);
INSERT INTO `menu` VALUES ('地三鲜盖浇面', '兰州拉面', '面食类', '13.0', NULL, NULL);
INSERT INTO `menu` VALUES ('地三鲜盖浇饭', '兰州拉面', '套餐类', '13.0', NULL, NULL);
INSERT INTO `menu` VALUES ('孜然牛肉盖浇面', '兰州拉面', '面食类', '16.0', NULL, NULL);
INSERT INTO `menu` VALUES ('孜然牛肉盖浇饭', '兰州拉面', '套餐类', '16.0', NULL, NULL);
INSERT INTO `menu` VALUES ('木耳炒牛肉盖浇饭', '兰州拉面', '套餐类', '15.0', NULL, NULL);
INSERT INTO `menu` VALUES ('木耳炒牛肉盖浇饭面', '兰州拉面', '面食类', '15.0', NULL, NULL);
INSERT INTO `menu` VALUES ('油泼面', '兰州拉面', '面食类', '13.0', NULL, NULL);
INSERT INTO `menu` VALUES ('洋葱炒牛肉盖浇面', '兰州拉面', '面食类', '15.0', NULL, NULL);
INSERT INTO `menu` VALUES ('洋葱炒牛肉盖浇饭', '兰州拉面', '套餐类', '15.0', NULL, NULL);
INSERT INTO `menu` VALUES ('烤肉炒饭', '兰州拉面', '套餐类', '13.0', NULL, NULL);
INSERT INTO `menu` VALUES ('牛肉凉面', '兰州拉面', '面食类', '13.0', NULL, NULL);
INSERT INTO `menu` VALUES ('牛肉刀削面', '兰州拉面', '面食类', '11.0', NULL, NULL);
INSERT INTO `menu` VALUES ('牛肉土豆粉', '兰州拉面', '面食类', '13.0', NULL, NULL);
INSERT INTO `menu` VALUES ('牛肉拉面', '兰州拉面', '面食类', '11.0', NULL, NULL);
INSERT INTO `menu` VALUES ('牛肉水饺', '兰州拉面', '面食类', '13.0', NULL, NULL);
INSERT INTO `menu` VALUES ('牛肉泡馍', '兰州拉面', '小吃类', '16.0', NULL, NULL);
INSERT INTO `menu` VALUES ('牛肉炒刀削面', '兰州拉面', '面食类', '15.0', NULL, NULL);
INSERT INTO `menu` VALUES ('牛肉炒拉面', '兰州拉面', '面食类', '15.0', NULL, NULL);
INSERT INTO `menu` VALUES ('牛肉炸酱面', '兰州拉面', '面食类', '15.0', NULL, NULL);
INSERT INTO `menu` VALUES ('牛肉烩面', '兰州拉面', '面食类', '15.0', NULL, NULL);
INSERT INTO `menu` VALUES ('牛肉粉丝汤', '兰州拉面', '面食类', '13.0', NULL, NULL);
INSERT INTO `menu` VALUES ('番茄炒蛋盖浇面', '兰州拉面', '面食类', '12.0', NULL, NULL);
INSERT INTO `menu` VALUES ('番茄炒蛋盖浇饭', '兰州拉面', '套餐类', '12.0', NULL, NULL);
INSERT INTO `menu` VALUES ('红烧牛肉盖浇面', '兰州拉面', '面食类', '16.0', NULL, NULL);
INSERT INTO `menu` VALUES ('红烧牛肉盖浇饭', '兰州拉面', '套餐类', '16.0', NULL, NULL);
INSERT INTO `menu` VALUES ('红烧牛肉面', '兰州拉面', '面食类', '16.0', NULL, NULL);
INSERT INTO `menu` VALUES ('红烧茄子盖浇面', '兰州拉面', '面食类', '13.0', NULL, NULL);
INSERT INTO `menu` VALUES ('红烧茄子盖浇饭', '兰州拉面', '套餐类', '13.0', NULL, NULL);
INSERT INTO `menu` VALUES ('葱油饼', '兰州拉面', '面食类', '6.00', NULL, NULL);
INSERT INTO `menu` VALUES ('葱爆牛肉盖浇面', '兰州拉面', '面食类', '16.0', NULL, NULL);
INSERT INTO `menu` VALUES ('葱爆牛肉盖浇饭', '兰州拉面', '套餐类', '16.0', NULL, NULL);
INSERT INTO `menu` VALUES ('蒜苔牛肉盖浇面', '兰州拉面', '面食类', '15.0', NULL, NULL);
INSERT INTO `menu` VALUES ('蒜苔牛肉盖浇饭', '兰州拉面', '套餐类', '15.0', NULL, NULL);
INSERT INTO `menu` VALUES ('蘑菇炒牛肉盖浇面', '兰州拉面', '面食类', '15.0', NULL, NULL);
INSERT INTO `menu` VALUES ('蘑菇炒牛肉盖浇饭', '兰州拉面', '套餐类', '15.0', NULL, NULL);
INSERT INTO `menu` VALUES ('蛋炒饭', '兰州拉面', '套餐类', '11.0', NULL, NULL);
INSERT INTO `menu` VALUES ('西红柿鸡蛋面', '兰州拉面', '面食类', '13.0', NULL, NULL);
INSERT INTO `menu` VALUES ('辣子鸡块盖浇面', '兰州拉面', '面食类', '16.0', NULL, NULL);
INSERT INTO `menu` VALUES ('辣子鸡块盖浇饭', '兰州拉面', '套餐类', '16.0', NULL, NULL);
INSERT INTO `menu` VALUES ('酸辣土豆粉', '兰州拉面', '面食类', '13.0', NULL, NULL);
INSERT INTO `menu` VALUES ('酸辣白菜盖浇面', '兰州拉面', '面食类', '12.0', NULL, NULL);
INSERT INTO `menu` VALUES ('酸辣白菜盖浇饭', '兰州拉面', '套餐类', '12.0', NULL, NULL);
INSERT INTO `menu` VALUES ('青椒土豆丝盖浇面', '兰州拉面', '面食类', '12.0', NULL, NULL);
INSERT INTO `menu` VALUES ('青椒土豆丝盖浇饭', '兰州拉面', '套餐类', '12.0', NULL, NULL);
INSERT INTO `menu` VALUES ('青椒牛肉盖浇面', '兰州拉面', '面食类', '15.0', NULL, NULL);
INSERT INTO `menu` VALUES ('青椒牛肉盖浇饭', '兰州拉面', '面食类', '15.0', NULL, NULL);
INSERT INTO `menu` VALUES ('八宝粥', '北方煎饼', '早餐类', '2.50', NULL, NULL);
INSERT INTO `menu` VALUES ('凉拌黄瓜', '北方煎饼', '杂项类', '1.50', NULL, NULL);
INSERT INTO `menu` VALUES ('千层饼', '北方煎饼', '早餐类', '3.00', NULL, NULL);
INSERT INTO `menu` VALUES ('南瓜粥', '北方煎饼', '早餐类', '2.50', NULL, NULL);
INSERT INTO `menu` VALUES ('卤蛋', '北方煎饼', '杂项类', '1.50', NULL, NULL);
INSERT INTO `menu` VALUES ('咸蛋', '北方煎饼', '杂项类', '2.00', NULL, NULL);
INSERT INTO `menu` VALUES ('土豆丝', '北方煎饼', '杂项类', '1.00', NULL, NULL);
INSERT INTO `menu` VALUES ('土豆卷', '北方煎饼', '早餐类', '2.50', NULL, NULL);
INSERT INTO `menu` VALUES ('地瓜粥', '北方煎饼', '早餐类', '2.50', NULL, NULL);
INSERT INTO `menu` VALUES ('培根', '北方煎饼', '杂项类', '2.00', NULL, NULL);
INSERT INTO `menu` VALUES ('太阳饼', '北方煎饼', '早餐类', '4.00', NULL, NULL);
INSERT INTO `menu` VALUES ('奶黄包', '北方煎饼', '早餐类', '2.50', NULL, NULL);
INSERT INTO `menu` VALUES ('干贝排骨粥', '北方煎饼', '早餐类', '8.00', NULL, NULL);
INSERT INTO `menu` VALUES ('手抓饼（原味+鸡蛋+生菜）', '北方煎饼', '早餐类', '3.00', NULL, NULL);
INSERT INTO `menu` VALUES ('抹茶红豆包', '北方煎饼', '早餐类', '2.50', NULL, NULL);
INSERT INTO `menu` VALUES ('海鲜粥', '北方煎饼', '早餐类', '10.0', NULL, NULL);
INSERT INTO `menu` VALUES ('清炒腐竹', '北方煎饼', '杂项类', '2.00', NULL, NULL);
INSERT INTO `menu` VALUES ('火腿肠', '北方煎饼', '杂项类', '2.00', NULL, NULL);
INSERT INTO `menu` VALUES ('火腿青椒饼', '北方煎饼', '早餐类', '3.50', NULL, NULL);
INSERT INTO `menu` VALUES ('炒冷面（中份）', '北方煎饼', '早餐类', '8.00', NULL, NULL);
INSERT INTO `menu` VALUES ('炒冷面（大份）', '北方煎饼', '早餐类', '11.0', NULL, NULL);
INSERT INTO `menu` VALUES ('炒冷面（小份）', '北方煎饼', '早餐类', '5.00', NULL, NULL);
INSERT INTO `menu` VALUES ('炒酸菜', '北方煎饼', '杂项类', '1.00', NULL, NULL);
INSERT INTO `menu` VALUES ('烧麦', '北方煎饼', '早餐类', '1.50', NULL, NULL);
INSERT INTO `menu` VALUES ('热狗卷', '北方煎饼', '早餐类', '3.50', NULL, NULL);
INSERT INTO `menu` VALUES ('煎蛋', '北方煎饼', '杂项类', '1.50', NULL, NULL);
INSERT INTO `menu` VALUES ('煎饼果子（原味+鸡蛋+生菜）', '北方煎饼', '早餐类', '4.00', NULL, NULL);
INSERT INTO `menu` VALUES ('燕麦粥', '北方煎饼', '早餐类', '2.50', NULL, NULL);
INSERT INTO `menu` VALUES ('爆汁流沙包', '北方煎饼', '早餐类', '3.50', NULL, NULL);
INSERT INTO `menu` VALUES ('珍珠米汉堡', '北方煎饼', '早餐类', '5.00', NULL, NULL);
INSERT INTO `menu` VALUES ('生滚猪肝粥', '北方煎饼', '早餐类', '6.00', NULL, NULL);
INSERT INTO `menu` VALUES ('生滚鱼片粥', '北方煎饼', '早餐类', '6.00', NULL, NULL);
INSERT INTO `menu` VALUES ('番茄鸡蛋', '北方煎饼', '杂项类', '2.00', NULL, NULL);
INSERT INTO `menu` VALUES ('白煮蛋', '北方煎饼', '杂项类', '1.50', NULL, NULL);
INSERT INTO `menu` VALUES ('白米粥', '北方煎饼', '早餐类', '1.00', NULL, NULL);
INSERT INTO `menu` VALUES ('皮蛋', '北方煎饼', '杂项类', '2.00', NULL, NULL);
INSERT INTO `menu` VALUES ('皮蛋瘦肉粥', '北方煎饼', '早餐类', '3.50', NULL, NULL);
INSERT INTO `menu` VALUES ('盘龙肉饼', '北方煎饼', '早餐类', '4.00', NULL, NULL);
INSERT INTO `menu` VALUES ('碗装白豆浆', '北方煎饼', '早餐类', '1.00', NULL, NULL);
INSERT INTO `menu` VALUES ('粉丝', '北方煎饼', '杂项类', '2.00', NULL, NULL);
INSERT INTO `menu` VALUES ('精品寿司', '北方煎饼', '早餐类', '3.50', NULL, NULL);
INSERT INTO `menu` VALUES ('紫薯包', '北方煎饼', '早餐类', '2.50', NULL, NULL);
INSERT INTO `menu` VALUES ('红枣豆浆', '北方煎饼', '早餐类', '2.50', NULL, NULL);
INSERT INTO `menu` VALUES ('红糖马拉糕', '北方煎饼', '早餐类', '2.00', NULL, NULL);
INSERT INTO `menu` VALUES ('绿豆粥', '北方煎饼', '早餐类', '2.50', NULL, NULL);
INSERT INTO `menu` VALUES ('肉包', '北方煎饼', '早餐类', '1.50', NULL, NULL);
INSERT INTO `menu` VALUES ('肉松', '北方煎饼', '杂项类', '2.00', NULL, NULL);
INSERT INTO `menu` VALUES ('脆骨肠卷', '北方煎饼', '早餐类', '4.00', NULL, NULL);
INSERT INTO `menu` VALUES ('自然香花生豆浆', '北方煎饼', '早餐类', '2.50', NULL, NULL);
INSERT INTO `menu` VALUES ('芝麻球', '北方煎饼', '早餐类', '2.00', NULL, NULL);
INSERT INTO `menu` VALUES ('花生米', '北方煎饼', '杂项类', '1.00', NULL, NULL);
INSERT INTO `menu` VALUES ('茶叶蛋', '北方煎饼', '杂项类', '1.50', NULL, NULL);
INSERT INTO `menu` VALUES ('荷香糯米鸡', '北方煎饼', '早餐类', '4.00', NULL, NULL);
INSERT INTO `menu` VALUES ('莲藕鸡蛋肉饼', '北方煎饼', '早餐类', '4.00', NULL, NULL);
INSERT INTO `menu` VALUES ('菜包', '北方煎饼', '早餐类', '1.50', NULL, NULL);
INSERT INTO `menu` VALUES ('萝卜干', '北方煎饼', '杂项类', '1.00', NULL, NULL);
INSERT INTO `menu` VALUES ('酱肉包', '北方煎饼', '早餐类', '2.50', NULL, NULL);
INSERT INTO `menu` VALUES ('酱香饼', '北方煎饼', '早餐类', '3.00', NULL, NULL);
INSERT INTO `menu` VALUES ('酸菜饼', '北方煎饼', '早餐类', '2.00', NULL, NULL);
INSERT INTO `menu` VALUES ('酸豆角', '北方煎饼', '杂项类', '1.00', NULL, NULL);
INSERT INTO `menu` VALUES ('金包银', '北方煎饼', '早餐类', '3.00', NULL, NULL);
INSERT INTO `menu` VALUES ('银耳汤', '北方煎饼', '早餐类', '2.00', NULL, NULL);
INSERT INTO `menu` VALUES ('韭菜饼', '北方煎饼', '早餐类', '2.00', NULL, NULL);
INSERT INTO `menu` VALUES ('馒头', '北方煎饼', '早餐类', '1.00', NULL, NULL);
INSERT INTO `menu` VALUES ('香菇油菜包', '北方煎饼', '早餐类', '1.50', NULL, NULL);
INSERT INTO `menu` VALUES ('鸡柳', '北方煎饼', '杂项类', '2.00', NULL, NULL);
INSERT INTO `menu` VALUES ('鸡肉金丝卷', '北方煎饼', '早餐类', '2.50', NULL, NULL);
INSERT INTO `menu` VALUES ('鸡蛋', '北方煎饼', '杂项类', '1.50', NULL, NULL);
INSERT INTO `menu` VALUES ('鸡蛋土豆饼', '北方煎饼', '早餐类', '2.50', NULL, NULL);
INSERT INTO `menu` VALUES ('鸡蛋饼', '北方煎饼', '早餐类', '3.00', NULL, NULL);
INSERT INTO `menu` VALUES ('麻婆豆腐', '北方煎饼', '杂项类', '1.50', NULL, NULL);
INSERT INTO `menu` VALUES ('黄瓜丝', '北方煎饼', '杂项类', '1.00', NULL, NULL);
INSERT INTO `menu` VALUES ('黑米粥', '北方煎饼', '早餐类', '2.50', NULL, NULL);
INSERT INTO `menu` VALUES ('黑芝麻豆浆', '北方煎饼', '早餐类', '2.50', NULL, NULL);
INSERT INTO `menu` VALUES ('', '回洋號', '杂项类', '4.50', NULL, NULL);
INSERT INTO `menu` VALUES ('一口肠', '回洋號', '杂项类', '2.50', NULL, NULL);
INSERT INTO `menu` VALUES ('五香卷', '回洋號', '杂项类', '4.50', NULL, NULL);
INSERT INTO `menu` VALUES ('削骨肉', '回洋號', '杂项类', '5.00', NULL, NULL);
INSERT INTO `menu` VALUES ('卤大肠', '回洋號', '杂项类', '6.00', NULL, NULL);
INSERT INTO `menu` VALUES ('卤小肠', '回洋號', '杂项类', '5.00', NULL, NULL);
INSERT INTO `menu` VALUES ('卤笋', '回洋號', '杂项类', '2.00', NULL, NULL);
INSERT INTO `menu` VALUES ('卤罗汉肉', '回洋號', '杂项类', '5.00', NULL, NULL);
INSERT INTO `menu` VALUES ('卤蛋', '回洋號', '杂项类', '2.00', NULL, NULL);
INSERT INTO `menu` VALUES ('卤面筋', '回洋號', '杂项类', '2.00', NULL, NULL);
INSERT INTO `menu` VALUES ('原味扁肉', '回洋號', '小吃类', '5.00', NULL, NULL);
INSERT INTO `menu` VALUES ('台湾热狗肠', '回洋號', '杂项类', '4.00', NULL, NULL);
INSERT INTO `menu` VALUES ('吮指鸡排', '回洋號', '杂项类', '4.50', NULL, NULL);
INSERT INTO `menu` VALUES ('咸水鸭肉', '回洋號', '杂项类', '6.00', NULL, NULL);
INSERT INTO `menu` VALUES ('咸水鸭腿', '回洋號', '杂项类', '7.00', NULL, NULL);
INSERT INTO `menu` VALUES ('咸水鸭面/粉', '回洋號', '面食类', '12.0', NULL, NULL);
INSERT INTO `menu` VALUES ('大排面', '回洋號', '面食类', '13.0', NULL, NULL);
INSERT INTO `menu` VALUES ('小酥肉', '回洋號', '杂项类', '4.00', NULL, NULL);
INSERT INTO `menu` VALUES ('扁肉面/粉', '回洋號', '面食类', '8.00', NULL, NULL);
INSERT INTO `menu` VALUES ('木耳', '回洋號', '杂项类', '2.00', NULL, NULL);
INSERT INTO `menu` VALUES ('沙茶泡面', '回洋號', '面食类', '7.00', NULL, NULL);
INSERT INTO `menu` VALUES ('沙茶面/粉', '回洋號', '面食类', '6.00', NULL, NULL);
INSERT INTO `menu` VALUES ('油条', '回洋號', '杂项类', '2.00', NULL, NULL);
INSERT INTO `menu` VALUES ('泉州鸡卷', '回洋號', '杂项类', '4.50', NULL, NULL);
INSERT INTO `menu` VALUES ('海带', '回洋號', '杂项类', '2.00', NULL, NULL);
INSERT INTO `menu` VALUES ('清汤面/粉', '回洋號', '面食类', '5.00', NULL, NULL);
INSERT INTO `menu` VALUES ('炸酱面', '回洋號', '面食类', '10.0', NULL, NULL);
INSERT INTO `menu` VALUES ('煎蛋', '回洋號', '杂项类', '2.00', NULL, NULL);
INSERT INTO `menu` VALUES ('爆汁鱼', '回洋號', '杂项类', '3.00', NULL, NULL);
INSERT INTO `menu` VALUES ('牛肉丸', '回洋號', '杂项类', '3.00', NULL, NULL);
INSERT INTO `menu` VALUES ('猪肝', '回洋號', '杂项类', '4.00', NULL, NULL);
INSERT INTO `menu` VALUES ('番茄面/粉', '回洋號', '面食类', '6.00', NULL, NULL);
INSERT INTO `menu` VALUES ('皮蛋卷', '回洋號', '杂项类', '2.50', NULL, NULL);
INSERT INTO `menu` VALUES ('粉干', '回洋號', '小吃类', '5.00', NULL, NULL);
INSERT INTO `menu` VALUES ('腐竹', '回洋號', '杂项类', '2.00', NULL, NULL);
INSERT INTO `menu` VALUES ('花菜', '回洋號', '杂项类', '2.00', NULL, NULL);
INSERT INTO `menu` VALUES ('葱油拌面/粉', '回洋號', '面食类', '4.00', NULL, NULL);
INSERT INTO `menu` VALUES ('虾球饼', '回洋號', '杂项类', '3.00', NULL, NULL);
INSERT INTO `menu` VALUES ('豆干', '回洋號', '杂项类', '2.00', NULL, NULL);
INSERT INTO `menu` VALUES ('豆美丝', '回洋號', '杂项类', '2.00', NULL, NULL);
INSERT INTO `menu` VALUES ('金针茹', '回洋號', '杂项类', '2.00', NULL, NULL);
INSERT INTO `menu` VALUES ('飘香拌面/粉', '回洋號', '面食类', '4.00', NULL, NULL);
INSERT INTO `menu` VALUES ('鲜肉水饺', '回洋號', '面食类', '8.00', NULL, NULL);
INSERT INTO `menu` VALUES ('鸭血', '回洋號', '杂项类', '2.00', NULL, NULL);
INSERT INTO `menu` VALUES ('土耳其肉夹馍', '土耳其烤肉饭', '面食类', '8.00', NULL, NULL);
INSERT INTO `menu` VALUES ('套餐A：烤鸡肉饭+排骨汤', '土耳其烤肉饭', '套餐类', '14.0', NULL, NULL);
INSERT INTO `menu` VALUES ('套餐B：烤鸡肉饭+炝肉汤', '土耳其烤肉饭', '套餐类', '16.0', NULL, NULL);
INSERT INTO `menu` VALUES ('套餐C:  烤鸡肉饭+排骨汤', '土耳其烤肉饭', '套餐类', '17.0', NULL, NULL);
INSERT INTO `menu` VALUES ('套餐D：烤猪肉饭+炝肉汤', '土耳其烤肉饭', '套餐类', '19.0', NULL, NULL);
INSERT INTO `menu` VALUES ('招牌烤猪肉饭（大份）', '土耳其烤肉饭', '套餐类', '15.0', NULL, NULL);
INSERT INTO `menu` VALUES ('招牌烤猪肉饭（小份）', '土耳其烤肉饭', '套餐类', '13.0', NULL, NULL);
INSERT INTO `menu` VALUES ('招牌烤鸡肉饭', '土耳其烤肉饭', '套餐类', '12.0', NULL, NULL);
INSERT INTO `menu` VALUES ('海带萝卜排骨汤', '土耳其烤肉饭', '汤类', '6.00', NULL, NULL);
INSERT INTO `menu` VALUES ('米饭+小菜+炝肉汤', '土耳其烤肉饭', '套餐类', '12.0', NULL, NULL);
INSERT INTO `menu` VALUES ('肉夹馍+海带萝卜排骨汤', '土耳其烤肉饭', '套餐类', '13.0', NULL, NULL);
INSERT INTO `menu` VALUES ('肉夹馍+香菇豆腐炝肉汤', '土耳其烤肉饭', '套餐类', '15.0', NULL, NULL);
INSERT INTO `menu` VALUES ('香菇豆腐炝肉汤', '土耳其烤肉饭', '汤类', '8.00', NULL, NULL);
INSERT INTO `menu` VALUES ('土豆卷', '好粥道', '早餐类', '4.50', NULL, NULL);
INSERT INTO `menu` VALUES ('奶黄包', '好粥道', '早餐类', '3.00', NULL, NULL);
INSERT INTO `menu` VALUES ('寿司', '好粥道', '早餐类', '4.50', NULL, NULL);
INSERT INTO `menu` VALUES ('小米粥', '好粥道', '早餐类', '3.00', NULL, NULL);
INSERT INTO `menu` VALUES ('年糕', '好粥道', '早餐类', '3.50', NULL, NULL);
INSERT INTO `menu` VALUES ('手抓饼', '好粥道', '早餐类', '7.50', NULL, NULL);
INSERT INTO `menu` VALUES ('春卷', '好粥道', '早餐类', '3.00', NULL, NULL);
INSERT INTO `menu` VALUES ('烧卖', '好粥道', '早餐类', '3.00', NULL, NULL);
INSERT INTO `menu` VALUES ('煎包', '好粥道', '早餐类', '3.00', NULL, NULL);
INSERT INTO `menu` VALUES ('燕麦粥', '好粥道', '早餐类', '3.50', NULL, NULL);
INSERT INTO `menu` VALUES ('玉米', '好粥道', '早餐类', '5.50', NULL, NULL);
INSERT INTO `menu` VALUES ('皮蛋瘦肉粥', '好粥道', '早餐类', '4.50', NULL, NULL);
INSERT INTO `menu` VALUES ('米汉堡', '好粥道', '早餐类', '6.50', NULL, NULL);
INSERT INTO `menu` VALUES ('糯米糕', '好粥道', '早餐类', '3.50', NULL, NULL);
INSERT INTO `menu` VALUES ('红豆粥', '好粥道', '早餐类', '3.00', NULL, NULL);
INSERT INTO `menu` VALUES ('绿豆汤', '好粥道', '早餐类', '3.00', NULL, NULL);
INSERT INTO `menu` VALUES ('绿豆粥', '好粥道', '早餐类', '3.00', NULL, NULL);
INSERT INTO `menu` VALUES ('肉包', '好粥道', '早餐类', '3.00', NULL, NULL);
INSERT INTO `menu` VALUES ('肉夹馍', '好粥道', '早餐类', '5.50', NULL, NULL);
INSERT INTO `menu` VALUES ('茶叶蛋', '好粥道', '早餐类', '2.00', NULL, NULL);
INSERT INTO `menu` VALUES ('菜包', '好粥道', '早餐类', '2.50', NULL, NULL);
INSERT INTO `menu` VALUES ('萝卜饼', '好粥道', '面食类', '2.50', NULL, NULL);
INSERT INTO `menu` VALUES ('蛋饼包肠', '好粥道', '早餐类', '4.50', NULL, NULL);
INSERT INTO `menu` VALUES ('豆奶', '好粥道', '早餐类', '3.50', NULL, NULL);
INSERT INTO `menu` VALUES ('豆沙包', '好粥道', '早餐类', '3.00', NULL, NULL);
INSERT INTO `menu` VALUES ('酱香饼', '好粥道', '早餐类', '5.50', NULL, NULL);
INSERT INTO `menu` VALUES ('酸菜饼', '好粥道', '面食类', '2.50', NULL, NULL);
INSERT INTO `menu` VALUES ('银耳粥', '好粥道', '早餐类', '3.00', NULL, NULL);
INSERT INTO `menu` VALUES ('韭菜饼', '好粥道', '早餐类', '2.50', NULL, NULL);
INSERT INTO `menu` VALUES ('馅饼', '好粥道', '早餐类', '5.50', NULL, NULL);
INSERT INTO `menu` VALUES ('马拉糕', '好粥道', '早餐类', '3.00', NULL, NULL);
INSERT INTO `menu` VALUES ('鸡排饼', '好粥道', '面食类', '5.50', NULL, NULL);
INSERT INTO `menu` VALUES ('鸡柳饼', '好粥道', '早餐类', '4.50', NULL, NULL);
INSERT INTO `menu` VALUES ('鸡蛋肉饼', '好粥道', '面食类', '5.50', NULL, NULL);
INSERT INTO `menu` VALUES ('小明家', '小明家1.98/50g', '杂项类', '1.98', NULL, NULL);
INSERT INTO `menu` VALUES ('上校炸鸡块', '小鲜肉快餐', '便餐类', '5.00', NULL, NULL);
INSERT INTO `menu` VALUES ('上海青', '小鲜肉快餐', '便餐类', '2.00', NULL, NULL);
INSERT INTO `menu` VALUES ('丝瓜花蛤汤', '小鲜肉快餐', '便餐类', '5.00', NULL, NULL);
INSERT INTO `menu` VALUES ('剁椒鱼腩', '小鲜肉快餐', '便餐类', '4.00', NULL, NULL);
INSERT INTO `menu` VALUES ('南瓜', '小鲜肉快餐', '便餐类', '1.00', NULL, NULL);
INSERT INTO `menu` VALUES ('卤猪蹄', '小鲜肉快餐', '便餐类', '6.00', NULL, NULL);
INSERT INTO `menu` VALUES ('卤蛋', '小鲜肉快餐', '便餐类', '1.50', NULL, NULL);
INSERT INTO `menu` VALUES ('卤面筋', '小鲜肉快餐', '便餐类', '3.00', NULL, NULL);
INSERT INTO `menu` VALUES ('卤鸭边腿', '小鲜肉快餐', '便餐类', '6.00', NULL, NULL);
INSERT INTO `menu` VALUES ('吉利猪大排', '小鲜肉快餐', '便餐类', '6.00', NULL, NULL);
INSERT INTO `menu` VALUES ('咖喱牛肉', '小鲜肉快餐', '便餐类', '6.00', NULL, NULL);
INSERT INTO `menu` VALUES ('咖喱鸡块', '小鲜肉快餐', '便餐类', '5.00', NULL, NULL);
INSERT INTO `menu` VALUES ('大碗米饭', '小鲜肉快餐', '便餐类', '1.00', NULL, NULL);
INSERT INTO `menu` VALUES ('宫保鸡丁', '小鲜肉快餐', '便餐类', '5.00', NULL, NULL);
INSERT INTO `menu` VALUES ('小碗米饭', '小鲜肉快餐', '便餐类', '0.50', NULL, NULL);
INSERT INTO `menu` VALUES ('山药排骨', '小鲜肉快餐', '汤类', '5.00', NULL, NULL);
INSERT INTO `menu` VALUES ('枸杞红枣乌鸡', '小鲜肉快餐', '汤类', '6.00', NULL, NULL);
INSERT INTO `menu` VALUES ('枸杞红枣红薯', '小鲜肉快餐', '汤类', '3.00', NULL, NULL);
INSERT INTO `menu` VALUES ('椒盐鲳鱼', '小鲜肉快餐', '便餐类', '5.00', NULL, NULL);
INSERT INTO `menu` VALUES ('水煮鱼片', '小鲜肉快餐', '便餐类', '6.00', NULL, NULL);
INSERT INTO `menu` VALUES ('油麦菜', '小鲜肉快餐', '便餐类', '2.00', NULL, NULL);
INSERT INTO `menu` VALUES ('洋葱青椒炒鱼饼', '小鲜肉快餐', '便餐类', '5.00', NULL, NULL);
INSERT INTO `menu` VALUES ('海带排骨', '小鲜肉快餐', '汤类', '6.00', NULL, NULL);
INSERT INTO `menu` VALUES ('火腿烧日本豆腐', '小鲜肉快餐', '便餐类', '3.00', NULL, NULL);
INSERT INTO `menu` VALUES ('炒海鲜菇', '小鲜肉快餐', '便餐类', '3.00', NULL, NULL);
INSERT INTO `menu` VALUES ('炒笋干', '小鲜肉快餐', '便餐类', '3.00', NULL, NULL);
INSERT INTO `menu` VALUES ('炒腐竹', '小鲜肉快餐', '便餐类', '3.00', NULL, NULL);
INSERT INTO `menu` VALUES ('炒茶树菇', '小鲜肉快餐', '便餐类', '3.00', NULL, NULL);
INSERT INTO `menu` VALUES ('炒莴苣丝', '小鲜肉快餐', '便餐类', '2.00', NULL, NULL);
INSERT INTO `menu` VALUES ('炸黄金蛋', '小鲜肉快餐', '便餐类', '1.50', NULL, NULL);
INSERT INTO `menu` VALUES ('烧鸭血', '小鲜肉快餐', '便餐类', '2.00', NULL, NULL);
INSERT INTO `menu` VALUES ('煎蛋', '小鲜肉快餐', '便餐类', '1.50', NULL, NULL);
INSERT INTO `menu` VALUES ('玉米排骨', '小鲜肉快餐', '汤类', '5.00', NULL, NULL);
INSERT INTO `menu` VALUES ('白卤猪心', '小鲜肉快餐', '便餐类', '6.00', NULL, NULL);
INSERT INTO `menu` VALUES ('白斩鸡', '小鲜肉快餐', '便餐类', '6.00', NULL, NULL);
INSERT INTO `menu` VALUES ('白萝卜', '小鲜肉快餐', '便餐类', '1.00', NULL, NULL);
INSERT INTO `menu` VALUES ('秘制酱鸭', '小鲜肉快餐', '便餐类', '6.00', NULL, NULL);
INSERT INTO `menu` VALUES ('空心菜', '小鲜肉快餐', '便餐类', '2.00', NULL, NULL);
INSERT INTO `menu` VALUES ('笋干炒肉', '小鲜肉快餐', '便餐类', '4.00', NULL, NULL);
INSERT INTO `menu` VALUES ('笋干炖排骨', '小鲜肉快餐', '汤类', '5.00', NULL, NULL);
INSERT INTO `menu` VALUES ('糖醋排骨', '小鲜肉快餐', '便餐类', '6.00', NULL, NULL);
INSERT INTO `menu` VALUES ('老坛酸菜烧肉', '小鲜肉快餐', '便餐类', '6.00', NULL, NULL);
INSERT INTO `menu` VALUES ('肉沫炒芋艿', '小鲜肉快餐', '便餐类', '3.00', NULL, NULL);
INSERT INTO `menu` VALUES ('芋头炖老鸭', '小鲜肉快餐', '汤类', '6.00', NULL, NULL);
INSERT INTO `menu` VALUES ('花菜炒龙虾棒', '小鲜肉快餐', '便餐类', '4.00', NULL, NULL);
INSERT INTO `menu` VALUES ('茶树菇排骨', '小鲜肉快餐', '汤类', '6.00', NULL, NULL);
INSERT INTO `menu` VALUES ('茶菇枸杞土鸡', '小鲜肉快餐', '汤类', '6.00', NULL, NULL);
INSERT INTO `menu` VALUES ('茶菇炖猪心', '小鲜肉快餐', '汤类', '6.00', NULL, NULL);
INSERT INTO `menu` VALUES ('茶菇老鸭', '小鲜肉快餐', '汤类', '6.00', NULL, NULL);
INSERT INTO `menu` VALUES ('莲子猪肚', '小鲜肉快餐', '汤类', '6.00', NULL, NULL);
INSERT INTO `menu` VALUES ('莲藕排骨', '小鲜肉快餐', '汤类', '5.00', NULL, NULL);
INSERT INTO `menu` VALUES ('萌瓜', '小鲜肉快餐', '便餐类', '2.00', NULL, NULL);
INSERT INTO `menu` VALUES ('萝卜干炒火腿丁', '小鲜肉快餐', '便餐类', '2.50', NULL, NULL);
INSERT INTO `menu` VALUES ('蒜椒鱿鱼条', '小鲜肉快餐', '便餐类', '6.00', NULL, NULL);
INSERT INTO `menu` VALUES ('蒜苔炒鸭肠', '小鲜肉快餐', '便餐类', '5.00', NULL, NULL);
INSERT INTO `menu` VALUES ('虫草排骨', '小鲜肉快餐', '汤类', '5.00', NULL, NULL);
INSERT INTO `menu` VALUES ('蛋包肉', '小鲜肉快餐', '便餐类', '4.00', NULL, NULL);
INSERT INTO `menu` VALUES ('蛋包饺子', '小鲜肉快餐', '便餐类', '4.00', NULL, NULL);
INSERT INTO `menu` VALUES ('豆腐炖排骨', '小鲜肉快餐', '汤类', '6.00', NULL, NULL);
INSERT INTO `menu` VALUES ('豆芽', '小鲜肉快餐', '便餐类', '1.00', NULL, NULL);
INSERT INTO `menu` VALUES ('豆芽海带丝', '小鲜肉快餐', '便餐类', '2.00', NULL, NULL);
INSERT INTO `menu` VALUES ('酸甜炒鸭盹', '小鲜肉快餐', '便餐类', '6.00', NULL, NULL);
INSERT INTO `menu` VALUES ('酸菜煮肉片', '小鲜肉快餐', '便餐类', '6.00', NULL, NULL);
INSERT INTO `menu` VALUES ('银耳南瓜', '小鲜肉快餐', '汤类', '3.00', NULL, NULL);
INSERT INTO `menu` VALUES ('长豆', '小鲜肉快餐', '便餐类', '2.00', NULL, NULL);
INSERT INTO `menu` VALUES ('长豆炒鸡柳', '小鲜肉快餐', '便餐类', '5.00', NULL, NULL);
INSERT INTO `menu` VALUES ('青椒炒肉片', '小鲜肉快餐', '便餐类', '5.00', NULL, NULL);
INSERT INTO `menu` VALUES ('香干', '小鲜肉快餐', '便餐类', '2.00', NULL, NULL);
INSERT INTO `menu` VALUES ('香菇排骨', '小鲜肉快餐', '汤类', '5.00', NULL, NULL);
INSERT INTO `menu` VALUES ('香菇炖蛋羹', '小鲜肉快餐', '汤类', '3.50', NULL, NULL);
INSERT INTO `menu` VALUES ('鸡丁炒毛豆仁', '小鲜肉快餐', '便餐类', '4.00', NULL, NULL);
INSERT INTO `menu` VALUES ('鸡蛋肉泥', '小鲜肉快餐', '汤类', '6.00', NULL, NULL);
INSERT INTO `menu` VALUES ('麻婆豆腐', '小鲜肉快餐', '便餐类', '2.00', NULL, NULL);
INSERT INTO `menu` VALUES ('黄瓜炒蛋', '小鲜肉快餐', '便餐类', '3.00', NULL, NULL);
INSERT INTO `menu` VALUES ('黄豆猪蹄', '小鲜肉快餐', '汤类', '6.00', NULL, NULL);
INSERT INTO `menu` VALUES ('八宝粥', '小黑餐点', '早餐类', '3.00', NULL, NULL);
INSERT INTO `menu` VALUES ('刀切馒头', '小黑餐点', '面食类', '1.00', NULL, NULL);
INSERT INTO `menu` VALUES ('咸鸭蛋', '小黑餐点', '早餐类', '2.50', NULL, NULL);
INSERT INTO `menu` VALUES ('奶黄包', '小黑餐点', '面食类', '1.50', NULL, NULL);
INSERT INTO `menu` VALUES ('寿司', '小黑餐点', '早餐类', '2.50', NULL, NULL);
INSERT INTO `menu` VALUES ('小米南瓜粥', '小黑餐点', '早餐类', '2.50', NULL, NULL);
INSERT INTO `menu` VALUES ('小菜', '小黑餐点', '早餐类', '1.50', NULL, NULL);
INSERT INTO `menu` VALUES ('早餐奶', '小黑餐点', '饮品类', '4.00', NULL, NULL);
INSERT INTO `menu` VALUES ('梅干菜包', '小黑餐点', '面食类', '2.00', NULL, NULL);
INSERT INTO `menu` VALUES ('水煮蛋', '小黑餐点', '早餐类', '1.50', NULL, NULL);
INSERT INTO `menu` VALUES ('油条', '小黑餐点', '早餐类', '2.00', NULL, NULL);
INSERT INTO `menu` VALUES ('流沙包', '小黑餐点', '面食类', '3.50', NULL, NULL);
INSERT INTO `menu` VALUES ('烧麦', '小黑餐点', '早餐类', '1.50', NULL, NULL);
INSERT INTO `menu` VALUES ('牛肉粉丝包子', '小黑餐点', '面食类', '2.00', NULL, NULL);
INSERT INTO `menu` VALUES ('玉米', '小黑餐点', '早餐类', '4.00', NULL, NULL);
INSERT INTO `menu` VALUES ('现磨豆浆', '小黑餐点', '饮品类', '2.00', NULL, NULL);
INSERT INTO `menu` VALUES ('白粥', '小黑餐点', '面食类', '1.00', NULL, NULL);
INSERT INTO `menu` VALUES ('皮蛋瘦肉粥', '小黑餐点', '早餐类', '3.00', NULL, NULL);
INSERT INTO `menu` VALUES ('笋肉肉包', '小黑餐点', '面食类', '2.00', NULL, NULL);
INSERT INTO `menu` VALUES ('紫薯包', '小黑餐点', '面食类', '3.00', NULL, NULL);
INSERT INTO `menu` VALUES ('红糖馒头', '小黑餐点', '面食类', '1.50', NULL, NULL);
INSERT INTO `menu` VALUES ('纯牛奶', '小黑餐点', '饮品类', '4.00', NULL, NULL);
INSERT INTO `menu` VALUES ('肠粉', '小黑餐点', '早餐类', '6.00', NULL, NULL);
INSERT INTO `menu` VALUES ('茶叶蛋', '小黑餐点', '早餐类', '1.50', NULL, NULL);
INSERT INTO `menu` VALUES ('蒸饺', '小黑餐点', '面食类', '3.00', NULL, NULL);
INSERT INTO `menu` VALUES ('虾仁鲜肉包', '小黑餐点', '面食类', '2.00', NULL, NULL);
INSERT INTO `menu` VALUES ('豆奶', '小黑餐点', '饮品类', '3.00', NULL, NULL);
INSERT INTO `menu` VALUES ('豆沙包', '小黑餐点', '面食类', '1.50', NULL, NULL);
INSERT INTO `menu` VALUES ('辣味酸菜包', '小黑餐点', '面食类', '1.50', NULL, NULL);
INSERT INTO `menu` VALUES ('酥饼', '小黑餐点', '面食类', '2.00', NULL, NULL);
INSERT INTO `menu` VALUES ('酱香饼', '小黑餐点', '面食类', '2.50', NULL, NULL);
INSERT INTO `menu` VALUES ('酸奶', '小黑餐点', '饮品类', '2.50', NULL, NULL);
INSERT INTO `menu` VALUES ('金包银', '小黑餐点', '早餐类', '3.00', NULL, NULL);
INSERT INTO `menu` VALUES ('馅饼', '小黑餐点', '面食类', '2.00', NULL, NULL);
INSERT INTO `menu` VALUES ('香肠卷', '小黑餐点', '早餐类', '2.50', NULL, NULL);
INSERT INTO `menu` VALUES ('香菇菜包', '小黑餐点', '面食类', '1.50', NULL, NULL);
INSERT INTO `menu` VALUES ('香辣牛肉包子', '小黑餐点', '便餐类', '2.50', NULL, NULL);
INSERT INTO `menu` VALUES ('鲜肉包', '小黑餐点', '面食类', '2.00', NULL, NULL);
INSERT INTO `menu` VALUES ('鸡蛋饼', '小黑餐点', '面食类', '2.00', NULL, NULL);
INSERT INTO `menu` VALUES ('麻辣豆腐包', '小黑餐点', '面食类', '1.50', NULL, NULL);
INSERT INTO `menu` VALUES ('卤猪头饭', '木桶盖浇饭', '套餐类', '14.0', NULL, NULL);
INSERT INTO `menu` VALUES ('卤肉饭', '木桶盖浇饭', '套餐类', '14.0', NULL, NULL);
INSERT INTO `menu` VALUES ('卤鸭腿饭', '木桶盖浇饭', '套餐类', '13.0', NULL, NULL);
INSERT INTO `menu` VALUES ('咖喱牛肉', '木桶盖浇饭', '套餐类', '15.0', NULL, NULL);
INSERT INTO `menu` VALUES ('咖喱鸡块', '木桶盖浇饭', '套餐类', '13.0', NULL, NULL);
INSERT INTO `menu` VALUES ('回锅肉', '木桶盖浇饭', '套餐类', '14.0', NULL, NULL);
INSERT INTO `menu` VALUES ('奥尔良鸡腿饭', '木桶盖浇饭', '套餐类', '11.0', NULL, NULL);
INSERT INTO `menu` VALUES ('宫保鸡丁', '木桶盖浇饭', '套餐类', '13.0', NULL, NULL);
INSERT INTO `menu` VALUES ('小炒肉', '木桶盖浇饭', '套餐类', '13.0', NULL, NULL);
INSERT INTO `menu` VALUES ('川香牛肉', '木桶盖浇饭', '套餐类', '13.0', NULL, NULL);
INSERT INTO `menu` VALUES ('手撕包菜', '木桶盖浇饭', '套餐类', '10.0', NULL, NULL);
INSERT INTO `menu` VALUES ('爆炒鸡心', '木桶盖浇饭', '套餐类', '12.0', NULL, NULL);
INSERT INTO `menu` VALUES ('秘制红烧肉', '木桶盖浇饭', '套餐类', '14.0', NULL, NULL);
INSERT INTO `menu` VALUES ('红烧牛肉', '木桶盖浇饭', '套餐类', '15.0', NULL, NULL);
INSERT INTO `menu` VALUES ('红烧茄子', '木桶盖浇饭', '套餐类', '10.0', NULL, NULL);
INSERT INTO `menu` VALUES ('红烧鸡块', '木桶盖浇饭', '套餐类', '13.0', NULL, NULL);
INSERT INTO `menu` VALUES ('西红柿炒蛋', '木桶盖浇饭', '套餐类', '10.0', NULL, NULL);
INSERT INTO `menu` VALUES ('雪花鸡排饭', '木桶盖浇饭', '套餐类', '11.0', NULL, NULL);
INSERT INTO `menu` VALUES ('青椒肉丝', '木桶盖浇饭', '套餐类', '13.0', NULL, NULL);
INSERT INTO `menu` VALUES ('香菇肉块', '木桶盖浇饭', '套餐类', '13.0', NULL, NULL);
INSERT INTO `menu` VALUES ('鱼香肉丝', '木桶盖浇饭', '套餐类', '13.0', NULL, NULL);
INSERT INTO `menu` VALUES ('鲜笋炒肉', '木桶盖浇饭', '套餐类', '13.0', NULL, NULL);
INSERT INTO `menu` VALUES ('麻婆豆腐', '木桶盖浇饭', '套餐类', '10.0', NULL, NULL);
INSERT INTO `menu` VALUES ('农家酱+水笋炒饭', '水煮世家', '套餐类', '15.0', NULL, NULL);
INSERT INTO `menu` VALUES ('原味无骨鱼（不辣）', '水煮世家', '套餐类', '14.0', NULL, NULL);
INSERT INTO `menu` VALUES ('原味猪肝（不辣）', '水煮世家', '套餐类', '12.0', NULL, NULL);
INSERT INTO `menu` VALUES ('原味肉片（不辣）', '水煮世家', '套餐类', '13.0', NULL, NULL);
INSERT INTO `menu` VALUES ('原味肥牛（不辣）', '水煮世家', '套餐类', '14.0', NULL, NULL);
INSERT INTO `menu` VALUES ('原味肥羊（不辣）', '水煮世家', '套餐类', '14.0', NULL, NULL);
INSERT INTO `menu` VALUES ('原味馋嘴蛙（不辣）', '水煮世家', '套餐类', '16.0', NULL, NULL);
INSERT INTO `menu` VALUES ('原味鱼头豆腐（不辣）', '水煮世家', '套餐类', '12.0', NULL, NULL);
INSERT INTO `menu` VALUES ('原味鱼片（不辣）', '水煮世家', '套餐类', '12.0', NULL, NULL);
INSERT INTO `menu` VALUES ('原味鸡肉（不辣）', '水煮世家', '套餐类', '12.0', NULL, NULL);
INSERT INTO `menu` VALUES ('原味黑鱼（不辣）', '水煮世家', '套餐类', '14.0', NULL, NULL);
INSERT INTO `menu` VALUES ('外婆炒饭+金针菇', '水煮世家', '套餐类', '12.0', NULL, NULL);
INSERT INTO `menu` VALUES ('扬州炒饭', '水煮世家', '套餐类', '10.0', NULL, NULL);
INSERT INTO `menu` VALUES ('水煮无骨鱼（辣）', '水煮世家', '套餐类', '14.0', NULL, NULL);
INSERT INTO `menu` VALUES ('水煮毛血旺（辣）', '水煮世家', '套餐类', '14.0', NULL, NULL);
INSERT INTO `menu` VALUES ('水煮猪肝（辣）', '水煮世家', '套餐类', '12.0', NULL, NULL);
INSERT INTO `menu` VALUES ('水煮肉片（辣）', '水煮世家', '套餐类', '13.0', NULL, NULL);
INSERT INTO `menu` VALUES ('水煮肥牛（辣）', '水煮世家', '套餐类', '14.0', NULL, NULL);
INSERT INTO `menu` VALUES ('水煮肥羊（辣）', '水煮世家', '套餐类', '14.0', NULL, NULL);
INSERT INTO `menu` VALUES ('水煮馋嘴蛙（辣）', '水煮世家', '套餐类', '16.0', NULL, NULL);
INSERT INTO `menu` VALUES ('水煮鱼片（辣）', '水煮世家', '套餐类', '12.0', NULL, NULL);
INSERT INTO `menu` VALUES ('水煮鸡肉（辣）', '水煮世家', '套餐类', '12.0', NULL, NULL);
INSERT INTO `menu` VALUES ('水煮黑鱼（辣）', '水煮世家', '套餐类', '14.0', NULL, NULL);
INSERT INTO `menu` VALUES ('泡椒无骨鱼（酸辣)', '水煮世家', '套餐类', '14.0', NULL, NULL);
INSERT INTO `menu` VALUES ('泡椒猪肝（酸辣)', '水煮世家', '套餐类', '12.0', NULL, NULL);
INSERT INTO `menu` VALUES ('泡椒肉片（酸辣)', '水煮世家', '套餐类', '13.0', NULL, NULL);
INSERT INTO `menu` VALUES ('泡椒肥牛（酸辣)', '水煮世家', '套餐类', '14.0', NULL, NULL);
INSERT INTO `menu` VALUES ('泡椒肥羊（酸辣)', '水煮世家', '套餐类', '14.0', NULL, NULL);
INSERT INTO `menu` VALUES ('泡椒馋嘴蛙（酸辣)', '水煮世家', '套餐类', '16.0', NULL, NULL);
INSERT INTO `menu` VALUES ('泡椒鱼片（酸辣)', '水煮世家', '套餐类', '12.0', NULL, NULL);
INSERT INTO `menu` VALUES ('泡椒鸡肉（酸辣)', '水煮世家', '套餐类', '12.0', NULL, NULL);
INSERT INTO `menu` VALUES ('泡椒黑鱼（酸辣)', '水煮世家', '套餐类', '14.0', NULL, NULL);
INSERT INTO `menu` VALUES ('泡菜无骨鱼（微酸微辣）', '水煮世家', '套餐类', '14.0', NULL, NULL);
INSERT INTO `menu` VALUES ('泡菜猪肝（微酸微辣）', '水煮世家', '套餐类', '12.0', NULL, NULL);
INSERT INTO `menu` VALUES ('泡菜肉片（微酸微辣）', '水煮世家', '套餐类', '13.0', NULL, NULL);
INSERT INTO `menu` VALUES ('泡菜肥牛（微酸微辣）', '水煮世家', '套餐类', '14.0', NULL, NULL);
INSERT INTO `menu` VALUES ('泡菜肥羊（微酸微辣）', '水煮世家', '套餐类', '14.0', NULL, NULL);
INSERT INTO `menu` VALUES ('泡菜馋嘴蛙（微酸微辣）', '水煮世家', '套餐类', '16.0', NULL, NULL);
INSERT INTO `menu` VALUES ('泡菜鱼片（微酸微辣）', '水煮世家', '套餐类', '12.0', NULL, NULL);
INSERT INTO `menu` VALUES ('泡菜鸡肉（微酸微辣）', '水煮世家', '套餐类', '12.0', NULL, NULL);
INSERT INTO `menu` VALUES ('泡菜黑鱼（微酸微辣）', '水煮世家', '套餐类', '14.0', NULL, NULL);
INSERT INTO `menu` VALUES ('火腿炒饭', '水煮世家', '套餐类', '10.0', NULL, NULL);
INSERT INTO `menu` VALUES ('牛肉+金针菇炒饭', '水煮世家', '套餐类', '15.0', NULL, NULL);
INSERT INTO `menu` VALUES ('番茄无骨鱼（不辣微酸）', '水煮世家', '套餐类', '14.0', NULL, NULL);
INSERT INTO `menu` VALUES ('番茄猪肝（不辣微酸）', '水煮世家', '套餐类', '12.0', NULL, NULL);
INSERT INTO `menu` VALUES ('番茄肉片（不辣微酸）', '水煮世家', '套餐类', '13.0', NULL, NULL);
INSERT INTO `menu` VALUES ('番茄肥牛（不辣微酸）', '水煮世家', '套餐类', '14.0', NULL, NULL);
INSERT INTO `menu` VALUES ('番茄肥羊（不辣微酸）', '水煮世家', '套餐类', '14.0', NULL, NULL);
INSERT INTO `menu` VALUES ('番茄馋嘴蛙（不辣微酸）', '水煮世家', '套餐类', '16.0', NULL, NULL);
INSERT INTO `menu` VALUES ('番茄鱼片（不辣微酸）', '水煮世家', '套餐类', '12.0', NULL, NULL);
INSERT INTO `menu` VALUES ('番茄鸡肉（不辣微酸）', '水煮世家', '套餐类', '12.0', NULL, NULL);
INSERT INTO `menu` VALUES ('番茄黑鱼（不辣微酸）', '水煮世家', '套餐类', '14.0', NULL, NULL);
INSERT INTO `menu` VALUES ('老坛酸菜无骨鱼（不辣）', '水煮世家', '套餐类', '14.0', NULL, NULL);
INSERT INTO `menu` VALUES ('老坛酸菜猪肝（不辣）', '水煮世家', '套餐类', '12.0', NULL, NULL);
INSERT INTO `menu` VALUES ('老坛酸菜肉片（不辣）', '水煮世家', '套餐类', '13.0', NULL, NULL);
INSERT INTO `menu` VALUES ('老坛酸菜肥牛（不辣）', '水煮世家', '套餐类', '14.0', NULL, NULL);
INSERT INTO `menu` VALUES ('老坛酸菜肥羊（不辣）', '水煮世家', '套餐类', '14.0', NULL, NULL);
INSERT INTO `menu` VALUES ('老坛酸菜馋嘴蛙（不辣）', '水煮世家', '套餐类', '12.0', NULL, NULL);
INSERT INTO `menu` VALUES ('老坛酸菜鱼片（不辣）', '水煮世家', '套餐类', '12.0', NULL, NULL);
INSERT INTO `menu` VALUES ('老坛酸菜鸡肉（不辣）', '水煮世家', '套餐类', '12.0', NULL, NULL);
INSERT INTO `menu` VALUES ('老坛酸菜黑鱼（不辣）', '水煮世家', '套餐类', '14.0', NULL, NULL);
INSERT INTO `menu` VALUES ('老干妈培根+金针菇', '水煮世家', '套餐类', '12.0', NULL, NULL);
INSERT INTO `menu` VALUES ('肉丝+土豆炒饭', '水煮世家', '套餐类', '12.0', NULL, NULL);
INSERT INTO `menu` VALUES ('腊肉炒饭', '水煮世家', '套餐类', '12.0', NULL, NULL);
INSERT INTO `menu` VALUES ('虾仁+水笋炒饭', '水煮世家', '套餐类', '15.0', NULL, NULL);
INSERT INTO `menu` VALUES ('金汤柠檬无骨鱼（偏酸微辣）', '水煮世家', '套餐类', '14.0', NULL, NULL);
INSERT INTO `menu` VALUES ('金汤柠檬肉片（偏酸微辣）', '水煮世家', '套餐类', '13.0', NULL, NULL);
INSERT INTO `menu` VALUES ('金汤柠檬肥牛（偏酸微辣）', '水煮世家', '套餐类', '14.0', NULL, NULL);
INSERT INTO `menu` VALUES ('金汤柠檬肥羊（偏酸微辣）', '水煮世家', '套餐类', '14.0', NULL, NULL);
INSERT INTO `menu` VALUES ('金汤柠檬馋嘴蛙（偏酸微辣）', '水煮世家', '套餐类', '16.0', NULL, NULL);
INSERT INTO `menu` VALUES ('金汤柠檬鱼片（偏酸微辣）', '水煮世家', '套餐类', '12.0', NULL, NULL);
INSERT INTO `menu` VALUES ('金汤猪肝（偏酸微辣）', '水煮世家', '套餐类', '12.0', NULL, NULL);
INSERT INTO `menu` VALUES ('金汤豆花肉片（偏酸微辣）', '水煮世家', '套餐类', '13.0', NULL, NULL);
INSERT INTO `menu` VALUES ('金汤豆花鱼片（偏酸微辣）', '水煮世家', '套餐类', '12.0', NULL, NULL);
INSERT INTO `menu` VALUES ('金汤酸菜无骨鱼（偏酸微辣）', '水煮世家', '套餐类', '14.0', NULL, NULL);
INSERT INTO `menu` VALUES ('金汤酸菜肉片（偏酸微辣）', '水煮世家', '套餐类', '13.0', NULL, NULL);
INSERT INTO `menu` VALUES ('金汤酸菜肥牛（偏酸微辣）', '水煮世家', '套餐类', '14.0', NULL, NULL);
INSERT INTO `menu` VALUES ('金汤酸菜肥羊（偏酸微辣）', '水煮世家', '套餐类', '14.0', NULL, NULL);
INSERT INTO `menu` VALUES ('金汤酸菜馋嘴蛙（偏酸微辣）', '水煮世家', '套餐类', '16.0', NULL, NULL);
INSERT INTO `menu` VALUES ('金汤酸菜鱼片（偏酸微辣）', '水煮世家', '套餐类', '12.0', NULL, NULL);
INSERT INTO `menu` VALUES ('金汤鸡肉（偏酸微辣）', '水煮世家', '套餐类', '12.0', NULL, NULL);
INSERT INTO `menu` VALUES ('金汤黑鱼（偏酸微辣）', '水煮世家', '套餐类', '14.0', NULL, NULL);
INSERT INTO `menu` VALUES ('青椒土豆丝炒饭', '水煮世家', '套餐类', '10.0', NULL, NULL);
INSERT INTO `menu` VALUES ('培根烫饭', '江左盟主', '套餐类', '13.0', NULL, NULL);
INSERT INTO `menu` VALUES ('小鲜肉烫饭', '江左盟主', '套餐类', '13.0', NULL, NULL);
INSERT INTO `menu` VALUES ('杂烩汤饭', '江左盟主', '套餐类', '20.0', NULL, NULL);
INSERT INTO `menu` VALUES ('皮蛋火腿烫饭', '江左盟主', '套餐类', '13.0', NULL, NULL);
INSERT INTO `menu` VALUES ('西红柿鸡蛋烫饭', '江左盟主', '套餐类', '12.0', NULL, NULL);
INSERT INTO `menu` VALUES ('鸡肉烫饭', '江左盟主', '套餐类', '14.0', NULL, NULL);
INSERT INTO `menu` VALUES ('鸭心烫饭', '江左盟主', '套餐类', '13.0', NULL, NULL);
INSERT INTO `menu` VALUES ('鸭腿烫饭', '江左盟主', '套餐类', '14.0', NULL, NULL);
INSERT INTO `menu` VALUES ('麻辣烫培根面/饭', '江左盟主', '套餐类', '13.0', NULL, NULL);
INSERT INTO `menu` VALUES ('麻辣烫小鲜肉面/饭', '江左盟主', '套餐类', '13.0', NULL, NULL);
INSERT INTO `menu` VALUES ('麻辣烫杂烩面', '江左盟主', '套餐类', '20.0', NULL, NULL);
INSERT INTO `menu` VALUES ('麻辣烫鸡肉面/饭', '江左盟主', '套餐类', '14.0', NULL, NULL);
INSERT INTO `menu` VALUES ('麻辣烫鸭心面/饭', '江左盟主', '套餐类', '13.0', NULL, NULL);
INSERT INTO `menu` VALUES ('麻辣烫鸭腿面/饭', '江左盟主', '套餐类', '14.0', NULL, NULL);
INSERT INTO `menu` VALUES ('香锅荤素一口价，口味：清炒、微', '江左盟主（1.9/50g）', '杂项类', '1.90', NULL, NULL);
INSERT INTO `menu` VALUES ('麻辣烫荤素一口价，口味：锅底高', '江左盟主（1.9/50g）', '套餐类', '1.90', NULL, NULL);
INSERT INTO `menu` VALUES ('丸子+三素', '海南鸡饭', '套餐类', '13.0', NULL, NULL);
INSERT INTO `menu` VALUES ('奥尔良腿排+三素', '海南鸡饭', '套餐类', '15.0', NULL, NULL);
INSERT INTO `menu` VALUES ('孜然烤肠+两素+卤蛋', '海南鸡饭', '套餐类', '13.0', NULL, NULL);
INSERT INTO `menu` VALUES ('椰子鸡汤', '海南鸡饭', '汤类', '5.00', NULL, NULL);
INSERT INTO `menu` VALUES ('洋烧排+两素+卤蛋', '海南鸡饭', '套餐类', '13.0', NULL, NULL);
INSERT INTO `menu` VALUES ('滑炒牛片+两素+卤蛋', '海南鸡饭', '套餐类', '13.0', NULL, NULL);
INSERT INTO `menu` VALUES ('烤肠+三素', '海南鸡饭', '套餐类', '13.0', NULL, NULL);
INSERT INTO `menu` VALUES ('烤肠焖饭', '海南鸡饭', '套餐类', '10.0', NULL, NULL);
INSERT INTO `menu` VALUES ('烤鱼+三素', '海南鸡饭', '套餐类', '16.0', NULL, NULL);
INSERT INTO `menu` VALUES ('烤鸡+两素+卤蛋', '海南鸡饭', '套餐类', '13.0', NULL, NULL);
INSERT INTO `menu` VALUES ('照烧鸡+两素', '海南鸡饭', '套餐类', '11.0', NULL, NULL);
INSERT INTO `menu` VALUES ('猪肚鸡汤', '海南鸡饭', '汤类', '7.00', NULL, NULL);
INSERT INTO `menu` VALUES ('白切鸡+一素', '海南鸡饭', '套餐类', '9.00', NULL, NULL);
INSERT INTO `menu` VALUES ('白切鸡焖饭', '海南鸡饭', '套餐类', '13.0', NULL, NULL);
INSERT INTO `menu` VALUES ('素菜', '海南鸡饭', '杂项类', '2.00', NULL, NULL);
INSERT INTO `menu` VALUES ('红烧肉+两素+卤蛋', '海南鸡饭', '套餐类', '13.0', NULL, NULL);
INSERT INTO `menu` VALUES ('红烧鸡块+两素+卤蛋', '海南鸡饭', '套餐类', '13.0', NULL, NULL);
INSERT INTO `menu` VALUES ('肉片+三素', '海南鸡饭', '套餐类', '15.0', NULL, NULL);
INSERT INTO `menu` VALUES ('肥牛+三素+卤蛋', '海南鸡饭', '套餐类', '18.0', NULL, NULL);
INSERT INTO `menu` VALUES ('肥牛焖饭', '海南鸡饭', '套餐类', '15.0', NULL, NULL);
INSERT INTO `menu` VALUES ('脆肉+三素', '海南鸡饭', '套餐类', '16.0', NULL, NULL);
INSERT INTO `menu` VALUES ('脆肉焖饭', '海南鸡饭', '套餐类', '13.0', NULL, NULL);
INSERT INTO `menu` VALUES ('荤菜', '海南鸡饭', '杂项类', '5.00', NULL, NULL);
INSERT INTO `menu` VALUES ('里脊肉+三素', '海南鸡饭', '套餐类', '16.0', NULL, NULL);
INSERT INTO `menu` VALUES ('飘香里脊焖饭', '海南鸡饭', '套餐类', '13.0', NULL, NULL);
INSERT INTO `menu` VALUES ('鸡柳+三素', '海南鸡饭', '套餐类', '13.0', NULL, NULL);
INSERT INTO `menu` VALUES ('鸭杂+三素', '海南鸡饭', '套餐类', '13.0', NULL, NULL);
INSERT INTO `menu` VALUES ('黑椒肉柳焖饭', '海南鸡饭', '套餐类', '13.0', NULL, NULL);
INSERT INTO `menu` VALUES ('三鲜水饺（大份）', '淳百味', '面食类', '13.0', NULL, NULL);
INSERT INTO `menu` VALUES ('三鲜水饺（小份）', '淳百味', '面食类', '9.00', NULL, NULL);
INSERT INTO `menu` VALUES ('五香蛋', '淳百味', '小吃类', '2.00', NULL, NULL);
INSERT INTO `menu` VALUES ('原味扁肉', '淳百味', '面食类', '7.00', NULL, NULL);
INSERT INTO `menu` VALUES ('台式卤肉饭', '淳百味', '套餐类', '14.0', NULL, NULL);
INSERT INTO `menu` VALUES ('咸肉拌饭', '淳百味', '套餐类', '10.0', NULL, NULL);
INSERT INTO `menu` VALUES ('套餐1 飘香拌面+原味扁肉', '淳百味', '套餐类', '11.0', NULL, NULL);
INSERT INTO `menu` VALUES ('套餐2 沙县酸菜面+情侣锅贴', '淳百味', '套餐类', '12.0', NULL, NULL);
INSERT INTO `menu` VALUES ('套餐3 飘香拌面+牛肉羹', '淳百味', '套餐类', '13.0', NULL, NULL);
INSERT INTO `menu` VALUES ('套餐4 大份飘香拌面+爆汁鱼丸', '淳百味', '套餐类', '14.0', NULL, NULL);
INSERT INTO `menu` VALUES ('套餐5 飘香拌面+原味扁肉+拌', '淳百味', '套餐类', '15.0', NULL, NULL);
INSERT INTO `menu` VALUES ('套餐6 大份飘香拌面+原味扁肉', '淳百味', '套餐类', '16.0', NULL, NULL);
INSERT INTO `menu` VALUES ('套餐7 飘香拌面+原味扁肉+情', '淳百味', '套餐类', '16.0', NULL, NULL);
INSERT INTO `menu` VALUES ('套餐A 咸肉拌饭+鲍汁鱼丸', '淳百味', '套餐类', '13.0', NULL, NULL);
INSERT INTO `menu` VALUES ('套餐B 咸肉拌饭+原味扁肉', '淳百味', '套餐类', '15.0', NULL, NULL);
INSERT INTO `menu` VALUES ('套餐C 咸肉拌饭+牛肉羹', '淳百味', '套餐类', '16.0', NULL, NULL);
INSERT INTO `menu` VALUES ('情侣锅贴（大）', '淳百味', '小吃类', '10.0', NULL, NULL);
INSERT INTO `menu` VALUES ('情侣锅贴（小）', '淳百味', '小吃类', '5.00', NULL, NULL);
INSERT INTO `menu` VALUES ('拌粉干', '淳百味', '面食类', '6.00', NULL, NULL);
INSERT INTO `menu` VALUES ('拌青菜', '淳百味', '小吃类', '4.00', NULL, NULL);
INSERT INTO `menu` VALUES ('杂酱拌面', '淳百味', '面食类', '12.0', NULL, NULL);
INSERT INTO `menu` VALUES ('梅菜扣肉饭', '淳百味', '套餐类', '16.0', NULL, NULL);
INSERT INTO `menu` VALUES ('沙县酸菜面/粉', '淳百味', '面食类', '8.00', NULL, NULL);
INSERT INTO `menu` VALUES ('淳味牛腩面/粉', '淳百味', '面食类', '9.00', NULL, NULL);
INSERT INTO `menu` VALUES ('煎蛋', '淳百味', '小吃类', '2.00', NULL, NULL);
INSERT INTO `menu` VALUES ('爆汁鱼丸', '淳百味', '小吃类', '5.00', NULL, NULL);
INSERT INTO `menu` VALUES ('牛肉羹', '淳百味', '小吃类', '9.00', NULL, NULL);
INSERT INTO `menu` VALUES ('牛腩拌面', '淳百味', '面食类', '16.0', NULL, NULL);
INSERT INTO `menu` VALUES ('玉米猪肉水饺（小份）', '淳百味', '面食类', '9.00', NULL, NULL);
INSERT INTO `menu` VALUES ('玉米猪肉睡觉（大份）', '淳百味', '面食类', '13.0', NULL, NULL);
INSERT INTO `menu` VALUES ('菌菇杂酱拌面', '淳百味', '面食类', '11.0', NULL, NULL);
INSERT INTO `menu` VALUES ('葱油拌面（大份）', '淳百味', '面食类', '9.00', NULL, NULL);
INSERT INTO `menu` VALUES ('葱油拌面（小份）', '淳百味', '面食类', '5.00', NULL, NULL);
INSERT INTO `menu` VALUES ('酸菜拌面', '淳百味', '面食类', '6.00', NULL, NULL);
INSERT INTO `menu` VALUES ('酸菜鸡蛋扁肉面/粉', '淳百味', '面食类', '14.0', NULL, NULL);
INSERT INTO `menu` VALUES ('金汤肥牛面', '淳百味', '面食类', '13.0', NULL, NULL);
INSERT INTO `menu` VALUES ('金汤酸菜面/粉', '淳百味', '面食类', '9.00', NULL, NULL);
INSERT INTO `menu` VALUES ('飘香拌面（大份）', '淳百味', '面食类', '9.00', NULL, NULL);
INSERT INTO `menu` VALUES ('飘香拌面（小份）', '淳百味', '面食类', '5.00', NULL, NULL);
INSERT INTO `menu` VALUES ('香菇猪肉水饺（大份）', '淳百味', '面食类', '13.0', NULL, NULL);
INSERT INTO `menu` VALUES ('香菇猪肉水饺（小份）', '淳百味', '面食类', '9.00', NULL, NULL);
INSERT INTO `menu` VALUES ('黑椒嫩牛肉', '淳百味', '套餐类', '16.0', NULL, NULL);
INSERT INTO `menu` VALUES ('丁骨猪排饭', '港式扒饭', '套餐类', '13.0', NULL, NULL);
INSERT INTO `menu` VALUES ('卤鸡腿饭', '港式扒饭', '套餐类', '10.0', NULL, NULL);
INSERT INTO `menu` VALUES ('可乐鸡翅饭', '港式扒饭', '套餐类', '12.0', NULL, NULL);
INSERT INTO `menu` VALUES ('宫保鸡丁饭', '港式扒饭', '套餐类', '12.0', NULL, NULL);
INSERT INTO `menu` VALUES ('照烧鸡肉饭', '港式扒饭', '套餐类', '15.0', NULL, NULL);
INSERT INTO `menu` VALUES ('爆炒猪肝饭', '港式扒饭', '套餐类', '13.0', NULL, NULL);
INSERT INTO `menu` VALUES ('爆炒肉丝饭', '港式扒饭', '套餐类', '11.0', NULL, NULL);
INSERT INTO `menu` VALUES ('牛腩土豆饭', '港式扒饭', '套餐类', '15.0', NULL, NULL);
INSERT INTO `menu` VALUES ('秘制酱鸭饭', '港式扒饭', '套餐类', '12.0', NULL, NULL);
INSERT INTO `menu` VALUES ('秘制鸡腿饭', '港式扒饭', '套餐类', '12.0', NULL, NULL);
INSERT INTO `menu` VALUES ('秘制鹅肉饭', '港式扒饭', '套餐类', '11.0', NULL, NULL);
INSERT INTO `menu` VALUES ('红烧排骨饭', '港式扒饭', '套餐类', '14.0', NULL, NULL);
INSERT INTO `menu` VALUES ('红烧肉饭', '港式扒饭', '套餐类', '13.0', NULL, NULL);
INSERT INTO `menu` VALUES ('自由双拼饭', '港式扒饭', '套餐类', '15.0', NULL, NULL);
INSERT INTO `menu` VALUES ('荔枝肉饭', '港式扒饭', '套餐类', '12.0', NULL, NULL);
INSERT INTO `menu` VALUES ('香菇滑鸡饭', '港式扒饭', '套餐类', '13.0', NULL, NULL);
INSERT INTO `menu` VALUES ('香辣翅根饭', '港式扒饭', '套餐类', '13.0', NULL, NULL);
INSERT INTO `menu` VALUES ('香辣鱼块饭', '港式扒饭', '套餐类', '13.0', NULL, NULL);
INSERT INTO `menu` VALUES ('鸡腿双拼饭', '港式扒饭', '套餐类', '15.0', NULL, NULL);
INSERT INTO `menu` VALUES ('黄豆猪脚饭', '港式扒饭', '套餐类', '15.0', NULL, NULL);
INSERT INTO `menu` VALUES ('黑椒牛柳饭', '港式扒饭', '套餐类', '13.0', NULL, NULL);
INSERT INTO `menu` VALUES ('炸鸡排虾排饭（双拼）', '港式铁板烧', '套餐类', '16.0', NULL, NULL);
INSERT INTO `menu` VALUES ('猪排肉肠饭（双拼）', '港式铁板烧', '套餐类', '19.0', NULL, NULL);
INSERT INTO `menu` VALUES ('鸡排炸鸡腿饭（双拼）', '港式铁板烧', '套餐类', '15.0', NULL, NULL);
INSERT INTO `menu` VALUES ('鸡排肉肠饭（双拼）', '港式铁板烧', '套餐类', '17.0', NULL, NULL);
INSERT INTO `menu` VALUES ('鸡排虾排饭（双拼）', '港式铁板烧', '套餐类', '16.0', NULL, NULL);
INSERT INTO `menu` VALUES ('黑椒/番茄排骨饭', '港式铁板烧', '套餐类', '12.0', NULL, NULL);
INSERT INTO `menu` VALUES ('黑椒/番茄无骨鱼饭', '港式铁板烧', '套餐类', '14.0', NULL, NULL);
INSERT INTO `menu` VALUES ('黑椒/番茄法式烤排', '港式铁板烧', '套餐类', '13.0', NULL, NULL);
INSERT INTO `menu` VALUES ('黑椒/番茄炸鸡排饭', '港式铁板烧', '套餐类', '12.0', NULL, NULL);
INSERT INTO `menu` VALUES ('黑椒/番茄炸鸡腿饭', '港式铁板烧', '套餐类', '14.0', NULL, NULL);
INSERT INTO `menu` VALUES ('黑椒/番茄烤全腿饭', '港式铁板烧', '套餐类', '14.0', NULL, NULL);
INSERT INTO `menu` VALUES ('黑椒/番茄烤肉饭', '港式铁板烧', '套餐类', '13.0', NULL, NULL);
INSERT INTO `menu` VALUES ('黑椒/番茄烤鸭饭', '港式铁板烧', '套餐类', '12.0', NULL, NULL);
INSERT INTO `menu` VALUES ('黑椒/番茄猪排饭', '港式铁板烧', '套餐类', '14.0', NULL, NULL);
INSERT INTO `menu` VALUES ('黑椒/番茄肉片饭', '港式铁板烧', '套餐类', '12.0', NULL, NULL);
INSERT INTO `menu` VALUES ('黑椒/番茄肉肠饭', '港式铁板烧', '套餐类', '12.0', NULL, NULL);
INSERT INTO `menu` VALUES ('黑椒/番茄虾排饭', '港式铁板烧', '套餐类', '12.0', NULL, NULL);
INSERT INTO `menu` VALUES ('黑椒/番茄鸡排饭', '港式铁板烧', '套餐类', '12.0', NULL, NULL);
INSERT INTO `menu` VALUES ('培根炒饭', '源味沙县', '套餐类', '9.00', NULL, NULL);
INSERT INTO `menu` VALUES ('扬州炒饭', '源味沙县', '套餐类', '9.00', NULL, NULL);
INSERT INTO `menu` VALUES ('源味扁肉', '源味沙县', '面食类', '4.00', NULL, NULL);
INSERT INTO `menu` VALUES ('火腿炒饭', '源味沙县', '套餐类', '9.00', NULL, NULL);
INSERT INTO `menu` VALUES ('炒河粉', '源味沙县', '面食类', '8.00', NULL, NULL);
INSERT INTO `menu` VALUES ('炒泡面', '源味沙县', '面食类', '8.00', NULL, NULL);
INSERT INTO `menu` VALUES ('炒白果', '源味沙县', '面食类', '8.00', NULL, NULL);
INSERT INTO `menu` VALUES ('炒细粉', '源味沙县', '面食类', '8.00', NULL, NULL);
INSERT INTO `menu` VALUES ('紫菜蛋汤', '源味沙县', '汤类', '6.00', NULL, NULL);
INSERT INTO `menu` VALUES ('老干妈炒饭', '源味沙县', '套餐类', '9.00', NULL, NULL);
INSERT INTO `menu` VALUES ('茶叶蛋', '源味沙县', '杂项类', '2.00', NULL, NULL);
INSERT INTO `menu` VALUES ('蛋炒饭', '源味沙县', '套餐类', '7.00', NULL, NULL);
INSERT INTO `menu` VALUES ('西红柿炒饭', '源味沙县', '套餐类', '9.00', NULL, NULL);
INSERT INTO `menu` VALUES ('西红柿蛋汤', '源味沙县', '汤类', '6.00', NULL, NULL);
INSERT INTO `menu` VALUES ('西红柿鸡蛋面', '源味沙县', '面食类', '8.00', NULL, NULL);
INSERT INTO `menu` VALUES ('铁板鸡丝炒饭', '源味沙县', '套餐类', '10.0', NULL, NULL);
INSERT INTO `menu` VALUES ('青椒肉丝炒饭', '源味沙县', '套餐类', '10.0', NULL, NULL);
INSERT INTO `menu` VALUES ('香菇肉丝炒饭', '源味沙县', '套餐类', '10.0', NULL, NULL);
INSERT INTO `menu` VALUES ('香菇肉丝面', '源味沙县', '面食类', '10.0', NULL, NULL);
INSERT INTO `menu` VALUES ('鱼丸汤', '源味沙县', '汤类', '6.00', NULL, NULL);
INSERT INTO `menu` VALUES ('鲜肉水饺', '源味沙县', '面食类', '8.00', NULL, NULL);
INSERT INTO `menu` VALUES ('鸡蛋肉丝面', '源味沙县', '面食类', '9.00', NULL, NULL);
INSERT INTO `menu` VALUES ('9.9元/3两', '烤盘饭', '杂项类', '9.90', NULL, NULL);
INSERT INTO `menu` VALUES ('培根肉土豆片', '烤盘饭', '套餐类', '12.0', NULL, NULL);
INSERT INTO `menu` VALUES ('菜花烤盘饭', '烤盘饭', '套餐类', '9.00', NULL, NULL);
INSERT INTO `menu` VALUES ('风味烤盘土豆片', '烤盘饭', '套餐类', '9.00', NULL, NULL);
INSERT INTO `menu` VALUES ('鸡柳烤杏鲍菇', '烤盘饭', '套餐类', '12.0', NULL, NULL);
INSERT INTO `menu` VALUES (' 鸡蛋肉泥', '烤肉拌饭瓦罐', '汤类', '6.00', NULL, NULL);
INSERT INTO `menu` VALUES ('全肉烤肉拌饭（大）', '烤肉拌饭瓦罐', '套餐类', '12.0', NULL, NULL);
INSERT INTO `menu` VALUES ('全肉烤肉拌饭（小）', '烤肉拌饭瓦罐', '套餐类', '11.0', NULL, NULL);
INSERT INTO `menu` VALUES ('冬瓜上排', '烤肉拌饭瓦罐', '汤类', '6.00', NULL, NULL);
INSERT INTO `menu` VALUES ('原味烤肉拌饭（大）', '烤肉拌饭瓦罐', '套餐类', '10.0', NULL, NULL);
INSERT INTO `menu` VALUES ('原味烤肉拌饭（小）', '烤肉拌饭瓦罐', '套餐类', '9.00', NULL, NULL);
INSERT INTO `menu` VALUES ('墨鱼上排', '烤肉拌饭瓦罐', '汤类', '6.00', NULL, NULL);
INSERT INTO `menu` VALUES ('孜然烤肉拌饭（大）', '烤肉拌饭瓦罐', '套餐类', '10.0', NULL, NULL);
INSERT INTO `menu` VALUES ('孜然烤肉拌饭（小）', '烤肉拌饭瓦罐', '套餐类', '9.00', NULL, NULL);
INSERT INTO `menu` VALUES ('枸杞土鸡', '烤肉拌饭瓦罐', '汤类', '6.00', NULL, NULL);
INSERT INTO `menu` VALUES ('枸杞猪心', '烤肉拌饭瓦罐', '汤类', '6.00', NULL, NULL);
INSERT INTO `menu` VALUES ('沙拉烤肉拌饭（大）', '烤肉拌饭瓦罐', '套餐类', '10.0', NULL, NULL);
INSERT INTO `menu` VALUES ('沙拉烤肉拌饭（小）', '烤肉拌饭瓦罐', '套餐类', '9.00', NULL, NULL);
INSERT INTO `menu` VALUES ('海带上排', '烤肉拌饭瓦罐', '汤类', '6.00', NULL, NULL);
INSERT INTO `menu` VALUES ('玉米上排', '烤肉拌饭瓦罐', '汤类', '6.00', NULL, NULL);
INSERT INTO `menu` VALUES ('玉米猪脚', '烤肉拌饭瓦罐', '汤类', '6.00', NULL, NULL);
INSERT INTO `menu` VALUES ('番茄烤肉拌饭（大）', '烤肉拌饭瓦罐', '套餐类', '10.0', NULL, NULL);
INSERT INTO `menu` VALUES ('番茄烤肉拌饭（小）', '烤肉拌饭瓦罐', '套餐类', '9.00', NULL, NULL);
INSERT INTO `menu` VALUES ('花生上排', '烤肉拌饭瓦罐', '汤类', '6.00', NULL, NULL);
INSERT INTO `menu` VALUES ('花生猪脚', '烤肉拌饭瓦罐', '汤类', '6.00', NULL, NULL);
INSERT INTO `menu` VALUES ('茶菇上排', '烤肉拌饭瓦罐', '汤类', '6.00', NULL, NULL);
INSERT INTO `menu` VALUES ('茶菇土鸡', '烤肉拌饭瓦罐', '汤类', '6.00', NULL, NULL);
INSERT INTO `menu` VALUES ('茶菇猪脚', '烤肉拌饭瓦罐', '汤类', '6.00', NULL, NULL);
INSERT INTO `menu` VALUES ('茶菇老鸭', '烤肉拌饭瓦罐', '汤类', '6.00', NULL, NULL);
INSERT INTO `menu` VALUES ('莲子猪肚', '烤肉拌饭瓦罐', '汤类', '6.00', NULL, NULL);
INSERT INTO `menu` VALUES ('萝卜上排', '烤肉拌饭瓦罐', '汤类', '6.00', NULL, NULL);
INSERT INTO `menu` VALUES ('虫草花上排', '烤肉拌饭瓦罐', '汤类', '6.00', NULL, NULL);
INSERT INTO `menu` VALUES ('蜜汁烤肉拌饭（大）', '烤肉拌饭瓦罐', '套餐类', '10.0', NULL, NULL);
INSERT INTO `menu` VALUES ('蜜汁烤肉拌饭（小）', '烤肉拌饭瓦罐', '套餐类', '9.00', NULL, NULL);
INSERT INTO `menu` VALUES ('豆腐上排', '烤肉拌饭瓦罐', '汤类', '6.00', NULL, NULL);
INSERT INTO `menu` VALUES ('香菇上排', '烤肉拌饭瓦罐', '汤类', '6.00', NULL, NULL);
INSERT INTO `menu` VALUES ('香菇土鸡', '烤肉拌饭瓦罐', '汤类', '6.00', NULL, NULL);
INSERT INTO `menu` VALUES ('香菇猪脚', '烤肉拌饭瓦罐', '汤类', '6.00', NULL, NULL);
INSERT INTO `menu` VALUES ('香菇老鸭', '烤肉拌饭瓦罐', '汤类', '6.00', NULL, NULL);
INSERT INTO `menu` VALUES ('香辣烤肉拌饭（大）', '烤肉拌饭瓦罐', '套餐类', '10.0', NULL, NULL);
INSERT INTO `menu` VALUES ('香辣烤肉拌饭（小）', '烤肉拌饭瓦罐', '套餐类', '9.00', NULL, NULL);
INSERT INTO `menu` VALUES ('黄豆上排', '烤肉拌饭瓦罐', '汤类', '6.00', NULL, NULL);
INSERT INTO `menu` VALUES ('黄豆猪脚', '烤肉拌饭瓦罐', '汤类', '6.00', NULL, NULL);
INSERT INTO `menu` VALUES ('黑椒烤肉拌饭（大）', '烤肉拌饭瓦罐', '套餐类', '10.0', NULL, NULL);
INSERT INTO `menu` VALUES ('黑椒烤肉拌饭（小）', '烤肉拌饭瓦罐', '套餐类', '9.00', NULL, NULL);
INSERT INTO `menu` VALUES ('一品菌香烤凤尾虾', '烤鱼饭', '套餐类', '16.0', NULL, NULL);
INSERT INTO `menu` VALUES ('一品菌香烤鱼', '烤鱼饭', '套餐类', '14.0', NULL, NULL);
INSERT INTO `menu` VALUES ('一品菌香肥牛', '烤鱼饭', '套餐类', '16.0', NULL, NULL);
INSERT INTO `menu` VALUES ('一品菌香雪鱼', '烤鱼饭', '套餐类', '15.0', NULL, NULL);
INSERT INTO `menu` VALUES ('凉皮', '烤鱼饭', '套餐类', '10.0', NULL, NULL);
INSERT INTO `menu` VALUES ('凉皮大份', '烤鱼饭', '套餐类', '13.0', NULL, NULL);
INSERT INTO `menu` VALUES ('凉面', '烤鱼饭', '套餐类', '10.0', NULL, NULL);
INSERT INTO `menu` VALUES ('小公举番茄烤凤尾虾', '烤鱼饭', '套餐类', '16.0', NULL, NULL);
INSERT INTO `menu` VALUES ('小公举番茄烤鱼', '烤鱼饭', '套餐类', '14.0', NULL, NULL);
INSERT INTO `menu` VALUES ('小公举番茄肥牛', '烤鱼饭', '套餐类', '16.0', NULL, NULL);
INSERT INTO `menu` VALUES ('小公举番茄锅包肉/鸡翅根', '烤鱼饭', '套餐类', '14.0', NULL, NULL);
INSERT INTO `menu` VALUES ('小公举番茄雪鱼', '烤鱼饭', '套餐类', '15.0', NULL, NULL);
INSERT INTO `menu` VALUES ('巴蜀金汤烤凤尾虾', '烤鱼饭', '套餐类', '16.0', NULL, NULL);
INSERT INTO `menu` VALUES ('巴蜀金汤烤鱼(炝锅)', '烤鱼饭', '套餐类', '14.0', NULL, NULL);
INSERT INTO `menu` VALUES ('巴蜀金汤番茄鱼', '烤鱼饭', '套餐类', '15.0', NULL, NULL);
INSERT INTO `menu` VALUES ('巴蜀金汤锅包肉/鸡翅根', '烤鱼饭', '套餐类', '14.0', NULL, NULL);
INSERT INTO `menu` VALUES ('柠檬酸爽烤凤尾虾', '烤鱼饭', '套餐类', '16.0', NULL, NULL);
INSERT INTO `menu` VALUES ('柠檬酸爽烤鱼(炝锅)', '烤鱼饭', '套餐类', '14.0', NULL, NULL);
INSERT INTO `menu` VALUES ('柠檬酸爽锅包肉/鸡翅根', '烤鱼饭', '套餐类', '14.0', NULL, NULL);
INSERT INTO `menu` VALUES ('柠檬酸爽雪鱼', '烤鱼饭', '套餐类', '15.0', NULL, NULL);
INSERT INTO `menu` VALUES ('柠檬酸爽鱼饭(炝锅)', '烤鱼饭', '套餐类', '17.0', NULL, NULL);
INSERT INTO `menu` VALUES ('真果粒番茄鱼饭(炝锅)', '烤鱼饭', '套餐类', '17.0', NULL, NULL);
INSERT INTO `menu` VALUES ('经典黑椒烤凤尾虾', '烤鱼饭', '套餐类', '16.0', NULL, NULL);
INSERT INTO `menu` VALUES ('经典黑椒烤鱼', '烤鱼饭', '套餐类', '14.0', NULL, NULL);
INSERT INTO `menu` VALUES ('经典黑椒锅包肉/鸡翅根', '烤鱼饭', '套餐类', '14.0', NULL, '');
INSERT INTO `menu` VALUES ('经典黑椒雪鱼', '烤鱼饭', '套餐类', '15.0', NULL, NULL);
INSERT INTO `menu` VALUES ('经典黑椒鱼饭(炝锅)', '烤鱼饭', '套餐类', '17.0', NULL, NULL);
INSERT INTO `menu` VALUES ('菌菇牛肉(炝牛肉)', '烤鱼饭', '套餐类', '16.0', NULL, NULL);
INSERT INTO `menu` VALUES ('藤椒肥牛', '烤鱼饭', '套餐类', '16.0', NULL, NULL);
INSERT INTO `menu` VALUES ('酷爽酸菜鱼饭(炝锅)', '烤鱼饭', '套餐类', '16.0', NULL, NULL);
INSERT INTO `menu` VALUES ('鲜麻藤椒烤凤尾虾', '烤鱼饭', '套餐类', '16.0', NULL, NULL);
INSERT INTO `menu` VALUES ('鲜麻藤椒烤鱼', '烤鱼饭', '套餐类', '14.0', NULL, NULL);
INSERT INTO `menu` VALUES ('鲜麻藤椒锅包肉/鸡翅根', '烤鱼饭', '套餐类', '14.0', NULL, NULL);
INSERT INTO `menu` VALUES ('鲜麻藤椒雪鱼', '烤鱼饭', '套餐类', '15.0', NULL, NULL);
INSERT INTO `menu` VALUES ('鲜麻藤椒鱼饭(炝锅)', '烤鱼饭', '套餐类', '16.0', NULL, NULL);
INSERT INTO `menu` VALUES ('麻辣肥牛', '烤鱼饭', '套餐类', '16.0', NULL, NULL);
INSERT INTO `menu` VALUES ('麻辣鲜香烤凤尾虾', '烤鱼饭', '套餐类', '16.0', NULL, NULL);
INSERT INTO `menu` VALUES ('麻辣鲜香烤鱼', '烤鱼饭', '套餐类', '14.0', NULL, NULL);
INSERT INTO `menu` VALUES ('麻辣鲜香锅包肉/鸡翅根', '烤鱼饭', '套餐类', '14.0', NULL, NULL);
INSERT INTO `menu` VALUES ('麻辣鲜香雪鱼', '烤鱼饭', '套餐类', '15.0', NULL, NULL);
INSERT INTO `menu` VALUES ('麻辣鲜香鱼饭(炝锅)', '烤鱼饭', '套餐类', '16.0', NULL, NULL);
INSERT INTO `menu` VALUES ('黑椒牛肉(炝牛肉)', '烤鱼饭', '套餐类', '16.0', NULL, NULL);
INSERT INTO `menu` VALUES ('荤素一个价，口味：清汤、微辣、', '王喜峰麻辣烫(1.98/50g', '杂项类', '1.98', NULL, NULL);
INSERT INTO `menu` VALUES ('云海大红袍', '益禾堂', '饮品类', '10.0', NULL, NULL);
INSERT INTO `menu` VALUES ('冻柠咖', '益禾堂', '饮品类', '11.0', NULL, NULL);
INSERT INTO `menu` VALUES ('冻柠蜜', '益禾堂', '饮品类', '7.00', NULL, NULL);
INSERT INTO `menu` VALUES ('多肉西柚', '益禾堂', '饮品类', '13.0', NULL, NULL);
INSERT INTO `menu` VALUES ('大咖西柚', '益禾堂', '饮品类', '11.0', NULL, NULL);
INSERT INTO `menu` VALUES ('宇治抹茶', '益禾堂', '饮品类', '10.0', NULL, NULL);
INSERT INTO `menu` VALUES ('日照红茶', '益禾堂', '饮品类', '6.00', NULL, NULL);
INSERT INTO `menu` VALUES ('杨枝甘露', '益禾堂', '饮品类', '14.0', NULL, NULL);
INSERT INTO `menu` VALUES ('桃桃么么茶', '益禾堂', '饮品类', '13.0', NULL, NULL);
INSERT INTO `menu` VALUES ('泷洙奶茶', '益禾堂', '饮品类', '9.00', NULL, NULL);
INSERT INTO `menu` VALUES ('牛奶烧仙草', '益禾堂', '饮品类', '11.0', NULL, NULL);
INSERT INTO `menu` VALUES ('益杯咖啡（原味）', '益禾堂', '饮品类', '13.0', NULL, NULL);
INSERT INTO `menu` VALUES ('益杯咖啡（焦糖）', '益禾堂', '饮品类', '13.0', NULL, NULL);
INSERT INTO `menu` VALUES ('益杯多肉葡萄', '益禾堂', '饮品类', '15.0', NULL, NULL);
INSERT INTO `menu` VALUES ('益杯清补凉', '益禾堂', '饮品类', '12.0', NULL, NULL);
INSERT INTO `menu` VALUES ('益杯烧仙草', '益禾堂', '饮品类', '10.0', NULL, NULL);
INSERT INTO `menu` VALUES ('益杯百香果', '益禾堂', '饮品类', '13.0', NULL, NULL);
INSERT INTO `menu` VALUES ('益杯莓莓', '益禾堂', '饮品类', '17.0', NULL, NULL);
INSERT INTO `menu` VALUES ('益禾烤奶', '益禾堂', '饮品类', '8.00', NULL, NULL);
INSERT INTO `menu` VALUES ('益颗柠檬绿/红', '益禾堂', '饮品类', '10.0', NULL, NULL);
INSERT INTO `menu` VALUES ('禾风奶绿', '益禾堂', '饮品类', '8.00', NULL, NULL);
INSERT INTO `menu` VALUES ('美式咖啡', '益禾堂', '饮品类', '10.0', NULL, NULL);
INSERT INTO `menu` VALUES ('翠峰茉莉', '益禾堂', '饮品类', '6.00', NULL, NULL);
INSERT INTO `menu` VALUES ('芋泥啵啵奶绿', '益禾堂', '饮品类', '11.0', NULL, NULL);
INSERT INTO `menu` VALUES ('芋泥啵啵牛奶', '益禾堂', '饮品类', '11.0', NULL, NULL);
INSERT INTO `menu` VALUES ('芒芒百香果', '益禾堂', '饮品类', '13.0', NULL, NULL);
INSERT INTO `menu` VALUES ('芝士莓莓', '益禾堂', '饮品类', '19.0', NULL, NULL);
INSERT INTO `menu` VALUES ('芝芝多肉葡萄', '益禾堂', '饮品类', '17.0', NULL, NULL);
INSERT INTO `menu` VALUES ('蜂蜜柚子茶', '益禾堂', '饮品类', '8.00', NULL, NULL);
INSERT INTO `menu` VALUES ('西瓜啵啵', '益禾堂', '饮品类', '13.0', NULL, NULL);
INSERT INTO `menu` VALUES ('西瓜椰椰', '益禾堂', '饮品类', '13.0', NULL, NULL);
INSERT INTO `menu` VALUES ('西瓜芝芝', '益禾堂', '饮品类', '16.0', NULL, NULL);
INSERT INTO `menu` VALUES ('酸奶多肉葡萄', '益禾堂', '饮品类', '16.0', NULL, NULL);
INSERT INTO `menu` VALUES ('酸奶莓莓', '益禾堂', '饮品类', '18.0', NULL, NULL);
INSERT INTO `menu` VALUES ('金橘桔柠檬', '益禾堂', '饮品类', '8.00', NULL, NULL);
INSERT INTO `menu` VALUES ('雪顶云海大红袍', '益禾堂', '饮品类', '14.0', NULL, NULL);
INSERT INTO `menu` VALUES ('雪顶桃桃么么茶', '益禾堂', '饮品类', '17.0', NULL, NULL);
INSERT INTO `menu` VALUES ('香芋圆圆奶绿', '益禾堂', '饮品类', '12.0', NULL, NULL);
INSERT INTO `menu` VALUES ('香醇可可', '益禾堂', '饮品类', '9.00', NULL, NULL);
INSERT INTO `menu` VALUES ('龙眼椰椰', '益禾堂', '饮品类', '16.0', NULL, NULL);
INSERT INTO `menu` VALUES ('111', '石锅坊', '套餐类', '20.0', NULL, NULL);
INSERT INTO `menu` VALUES ('1112', '石锅坊', '套餐类', '20.0', NULL, NULL);
INSERT INTO `menu` VALUES ('23', '石锅坊', '套餐类', '20.0', NULL, NULL);
INSERT INTO `menu` VALUES ('233', '石锅坊', '套餐类', '20.0', NULL, NULL);
INSERT INTO `menu` VALUES ('2333', '石锅坊', '套餐类', '20.0', NULL, NULL);
INSERT INTO `menu` VALUES ('23334', '石锅坊', '套餐类', '20.0', NULL, NULL);
INSERT INTO `menu` VALUES ('五花肉+泡菜石锅拌饭', '石锅坊', '套餐类', '16.0', NULL, NULL);
INSERT INTO `menu` VALUES ('五花肉+海苔石锅拌饭', '石锅坊', '套餐类', '16.0', NULL, NULL);
INSERT INTO `menu` VALUES ('五花肉石锅拌饭', '石锅坊', '套餐类', '15.0', NULL, NULL);
INSERT INTO `menu` VALUES ('传统石锅拌饭', '石锅坊', '套餐类', '10.0', NULL, NULL);
INSERT INTO `menu` VALUES ('台式肉肠石锅拌饭', '石锅坊', '套餐类', '13.0', NULL, NULL);
INSERT INTO `menu` VALUES ('台湾卤肉盖饭', '石锅坊', '套餐类', '12.0', NULL, NULL);
INSERT INTO `menu` VALUES ('咖喱猪排盖饭', '石锅坊', '套餐类', '15.0', NULL, NULL);
INSERT INTO `menu` VALUES ('咖喱鸡排盖饭', '石锅坊', '套餐类', '12.0', NULL, NULL);
INSERT INTO `menu` VALUES ('培根+肉肠石锅拌饭', '石锅坊', '套餐类', '15.0', NULL, NULL);
INSERT INTO `menu` VALUES ('培根石锅拌饭', '石锅坊', '套餐类', '13.0', NULL, NULL);
INSERT INTO `menu` VALUES ('奥尔良鸡肉+培根石锅拌饭', '石锅坊', '套餐类', '15.0', NULL, NULL);
INSERT INTO `menu` VALUES ('奥尔良鸡肉+泡菜石锅拌饭', '石锅坊', '套餐类', '14.0', NULL, NULL);
INSERT INTO `menu` VALUES ('奥尔良鸡肉+海草石锅拌饭', '石锅坊', '套餐类', '14.0', NULL, NULL);
INSERT INTO `menu` VALUES ('奥尔良鸡肉+肉肠石锅拌饭', '石锅坊', '套餐类', '15.0', NULL, NULL);
INSERT INTO `menu` VALUES ('奥尔良鸡肉石锅拌饭', '石锅坊', '套餐类', '13.0', NULL, NULL);
INSERT INTO `menu` VALUES ('沙拉猪排盖饭', '石锅坊', '套餐类', '15.0', NULL, NULL);
INSERT INTO `menu` VALUES ('沙拉鸡排盖饭', '石锅坊', '套餐类', '0.00', NULL, NULL);
INSERT INTO `menu` VALUES ('泡菜+海苔石锅拌饭', '石锅坊', '套餐类', '13.0', NULL, NULL);
INSERT INTO `menu` VALUES ('泡菜石锅拌饭', '石锅坊', '套餐类', '12.0', NULL, NULL);
INSERT INTO `menu` VALUES ('海苔石锅拌饭', '石锅坊', '套餐类', '12.0', NULL, NULL);
INSERT INTO `menu` VALUES ('海草石锅拌饭', '石锅坊', '套餐类', '12.0', NULL, NULL);
INSERT INTO `menu` VALUES ('炒芝士年糕', '石锅坊', '套餐类', '12.0', NULL, NULL);
INSERT INTO `menu` VALUES ('照烧鸡排盖饭', '石锅坊', '套餐类', '12.0', NULL, NULL);
INSERT INTO `menu` VALUES ('牛肉石锅拌饭', '石锅坊', '套餐类', '17.0', NULL, NULL);
INSERT INTO `menu` VALUES ('猪肉+奥尔良鸡肉石锅拌饭', '石锅坊', '套餐类', '17.0', NULL, NULL);
INSERT INTO `menu` VALUES ('猪肉石锅拌饭', '石锅坊', '套餐类', '15.0', NULL, NULL);
INSERT INTO `menu` VALUES ('芝士+泡菜石锅拌饭', '石锅坊', '套餐类', '15.0', NULL, NULL);
INSERT INTO `menu` VALUES ('芝士+鸡肉石锅拌饭', '石锅坊', '套餐类', '16.0', NULL, NULL);
INSERT INTO `menu` VALUES ('芝士石锅拌饭', '石锅坊', '套餐类', '14.0', NULL, NULL);
INSERT INTO `menu` VALUES ('韩式炒年糕', '石锅坊', '套餐类', '10.0', NULL, NULL);
INSERT INTO `menu` VALUES ('黄焖排骨饭', '石锅坊', '套餐类', '15.0', NULL, NULL);
INSERT INTO `menu` VALUES ('黄焖牛腩饭', '石锅坊', '套餐类', '17.0', NULL, NULL);
INSERT INTO `menu` VALUES ('黄焖猪蹄饭', '石锅坊', '套餐类', '15.0', NULL, NULL);
INSERT INTO `menu` VALUES ('黄焖鸡米饭', '石锅坊', '套餐类', '13.0', NULL, NULL);
INSERT INTO `menu` VALUES ('黄焖鸭肉饭', '石锅坊', '套餐类', '13.0', NULL, NULL);
INSERT INTO `menu` VALUES ('排骨汤', '福味團團', '便餐类', '5.00', NULL, NULL);
INSERT INTO `menu` VALUES ('煎蛋', '福味團團', '便餐类', '2.00', NULL, NULL);
INSERT INTO `menu` VALUES ('玉米', '福味團團', '便餐类', '3.00', NULL, NULL);
INSERT INTO `menu` VALUES ('空心菜', '福味團團', '便餐类', '2.00', NULL, NULL);
INSERT INTO `menu` VALUES ('笋炒肉', '福味團團', '便餐类', '4.00', NULL, NULL);
INSERT INTO `menu` VALUES ('米饭', '福味團團', '便餐类', '1.00', NULL, NULL);
INSERT INTO `menu` VALUES ('红烧肉', '福味團團', '便餐类', '5.00', NULL, NULL);
INSERT INTO `menu` VALUES ('肉丸', '福味團團', '便餐类', '4.00', NULL, NULL);
INSERT INTO `menu` VALUES ('虾条', '福味團團', '便餐类', '3.00', NULL, NULL);
INSERT INTO `menu` VALUES ('蛋包', '福味團團', '便餐类', '3.00', NULL, NULL);
INSERT INTO `menu` VALUES ('西红柿炒蛋', '福味團團', '便餐类', '4.00', NULL, NULL);
INSERT INTO `menu` VALUES ('豆腐', '福味團團', '便餐类', '3.00', NULL, NULL);
INSERT INTO `menu` VALUES ('金针菇', '福味團團', '便餐类', '3.00', NULL, NULL);
INSERT INTO `menu` VALUES ('青椒炒肉丝', '福味團團', '便餐类', '3.00', NULL, NULL);
INSERT INTO `menu` VALUES ('马铃薯', '福味團團', '便餐类', '3.00', NULL, NULL);
INSERT INTO `menu` VALUES ('鸡汤', '福味團團', '便餐类', '5.00', NULL, NULL);
INSERT INTO `menu` VALUES ('鸡腿', '福味團團', '便餐类', '5.00', NULL, NULL);
INSERT INTO `menu` VALUES ('鸭汤', '福味團團', '便餐类', '5.00', NULL, NULL);
INSERT INTO `menu` VALUES ('鸭血', '福味團團', '便餐类', '3.00', NULL, NULL);
INSERT INTO `menu` VALUES ('五香卷粉', '粉面世家', '面食类', '13.0', NULL, NULL);
INSERT INTO `menu` VALUES ('五香卷面', '粉面世家', '面食类', '13.0', NULL, NULL);
INSERT INTO `menu` VALUES ('卤蛋', '粉面世家', '小吃类', '2.00', NULL, NULL);
INSERT INTO `menu` VALUES ('小肠粉', '粉面世家', '面食类', '15.0', NULL, NULL);
INSERT INTO `menu` VALUES ('小肠面', '粉面世家', '面食类', '15.0', NULL, NULL);
INSERT INTO `menu` VALUES ('海鲜粉', '粉面世家', '面食类', '15.0', NULL, NULL);
INSERT INTO `menu` VALUES ('海鲜面', '粉面世家', '面食类', '15.0', NULL, NULL);
INSERT INTO `menu` VALUES ('煎蛋', '粉面世家', '小吃类', '2.00', NULL, NULL);
INSERT INTO `menu` VALUES ('牛杂粉', '粉面世家', '面食类', '16.0', NULL, NULL);
INSERT INTO `menu` VALUES ('牛杂面', '粉面世家', '面食类', '16.0', NULL, NULL);
INSERT INTO `menu` VALUES ('牛肉丸粉', '粉面世家', '面食类', '14.0', NULL, NULL);
INSERT INTO `menu` VALUES ('牛肉丸面', '粉面世家', '面食类', '14.0', NULL, NULL);
INSERT INTO `menu` VALUES ('牛肉粉', '粉面世家', '面食类', '16.0', NULL, NULL);
INSERT INTO `menu` VALUES ('牛肉面', '粉面世家', '面食类', '16.0', NULL, NULL);
INSERT INTO `menu` VALUES ('牛肉（加料）', '粉面世家', '小吃类', '8.00', NULL, NULL);
INSERT INTO `menu` VALUES ('牛腩粉', '粉面世家', '面食类', '16.0', NULL, NULL);
INSERT INTO `menu` VALUES ('牛腩面', '粉面世家', '面食类', '16.0', NULL, NULL);
INSERT INTO `menu` VALUES ('猪心粉', '粉面世家', '面食类', '14.0', NULL, NULL);
INSERT INTO `menu` VALUES ('猪心面', '粉面世家', '面食类', '14.0', NULL, NULL);
INSERT INTO `menu` VALUES ('猪肚粉', '粉面世家', '面食类', '16.0', NULL, NULL);
INSERT INTO `menu` VALUES ('猪肚面', '粉面世家', '面食类', '16.0', NULL, NULL);
INSERT INTO `menu` VALUES ('猪肝粉', '粉面世家', '面食类', '13.0', NULL, NULL);
INSERT INTO `menu` VALUES ('猪肝面', '粉面世家', '面食类', '13.0', NULL, NULL);
INSERT INTO `menu` VALUES ('番茄鸡蛋粉', '粉面世家', '面食类', '11.0', NULL, NULL);
INSERT INTO `menu` VALUES ('番茄鸡蛋面', '粉面世家', '面食类', '11.0', NULL, NULL);
INSERT INTO `menu` VALUES ('笋尖（加料）', '粉面世家', '小吃类', '3.00', NULL, NULL);
INSERT INTO `menu` VALUES ('罗汉肉粉', '粉面世家', '面食类', '14.0', NULL, NULL);
INSERT INTO `menu` VALUES ('罗汉肉面', '粉面世家', '面食类', '14.0', NULL, NULL);
INSERT INTO `menu` VALUES ('肉片粉', '粉面世家', '面食类', '14.0', NULL, NULL);
INSERT INTO `menu` VALUES ('肉片面', '粉面世家', '面食类', '14.0', NULL, NULL);
INSERT INTO `menu` VALUES ('肉酱拌粉', '粉面世家', '面食类', '13.0', NULL, NULL);
INSERT INTO `menu` VALUES ('肉酱拌面', '粉面世家', '面食类', '13.0', NULL, NULL);
INSERT INTO `menu` VALUES ('花生（加料）', '粉面世家', '小吃类', '1.00', NULL, NULL);
INSERT INTO `menu` VALUES ('花蛤粉', '粉面世家', '面食类', '12.0', NULL, NULL);
INSERT INTO `menu` VALUES ('花蛤面', '粉面世家', '面食类', '12.0', NULL, NULL);
INSERT INTO `menu` VALUES ('酸菜粉', '粉面世家', '面食类', '9.00', NULL, NULL);
INSERT INTO `menu` VALUES ('酸菜面', '粉面世家', '面食类', '9.00', NULL, NULL);
INSERT INTO `menu` VALUES ('酸辣粉', '粉面世家', '面食类', '11.0', NULL, NULL);
INSERT INTO `menu` VALUES ('酸辣面', '粉面世家', '面食类', '11.0', NULL, NULL);
INSERT INTO `menu` VALUES ('青菜粉', '粉面世家', '面食类', '8.00', NULL, NULL);
INSERT INTO `menu` VALUES ('青菜面', '粉面世家', '面食类', '8.00', NULL, NULL);
INSERT INTO `menu` VALUES ('鱼丸粉', '粉面世家', '面食类', '11.0', NULL, NULL);
INSERT INTO `menu` VALUES ('鱼丸面', '粉面世家', '面食类', '11.0', NULL, NULL);
INSERT INTO `menu` VALUES ('鸡肉粉', '粉面世家', '面食类', '13.0', NULL, NULL);
INSERT INTO `menu` VALUES ('鸡肉面', '粉面世家', '面食类', '13.0', NULL, NULL);
INSERT INTO `menu` VALUES ('鸭肠粉', '粉面世家', '面食类', '14.0', NULL, NULL);
INSERT INTO `menu` VALUES ('鸭肠面', '粉面世家', '面食类', '14.0', NULL, NULL);
INSERT INTO `menu` VALUES ('鸭血粉', '粉面世家', '面食类', '10.0', NULL, NULL);
INSERT INTO `menu` VALUES ('鸭血面', '粉面世家', '面食类', '10.0', NULL, NULL);
INSERT INTO `menu` VALUES ('石锅小鲜肉', '缘味先石锅饭', '套餐类', '15.0', NULL, NULL);
INSERT INTO `menu` VALUES ('石锅焖面', '缘味先石锅饭', '套餐类', '12.0', NULL, NULL);
INSERT INTO `menu` VALUES ('石锅肥牛', '缘味先石锅饭', '套餐类', '16.0', NULL, NULL);
INSERT INTO `menu` VALUES ('石锅肥牛焖面', '缘味先石锅饭', '套餐类', '14.0', NULL, NULL);
INSERT INTO `menu` VALUES ('石锅茄子', '缘味先石锅饭', '套餐类', '13.0', NULL, NULL);
INSERT INTO `menu` VALUES ('石锅豆腐', '缘味先石锅饭', '套餐类', '11.0', NULL, NULL);
INSERT INTO `menu` VALUES ('石锅鸡块', '缘味先石锅饭', '套餐类', '15.0', NULL, NULL);
INSERT INTO `menu` VALUES ('石锅鸡块焖面', '缘味先石锅饭', '套餐类', '14.0', NULL, NULL);
INSERT INTO `menu` VALUES ('石锅鸡柳', '缘味先石锅饭', '套餐类', '14.0', NULL, NULL);
INSERT INTO `menu` VALUES ('石锅鸡柳焖面', '缘味先石锅饭', '套餐类', '14.0', NULL, NULL);
INSERT INTO `menu` VALUES ('石锅鸡米花', '缘味先石锅饭', '套餐类', '16.0', NULL, NULL);
INSERT INTO `menu` VALUES ('石锅鸡蛋', '缘味先石锅饭', '套餐类', '12.0', NULL, NULL);
INSERT INTO `menu` VALUES ('石锅鸭', '缘味先石锅饭', '套餐类', '15.0', NULL, NULL);
INSERT INTO `menu` VALUES ('红烧狮子头', '缘味先石锅饭', '套餐类', '14.0', NULL, NULL);
INSERT INTO `menu` VALUES ('红烧肉饭', '缘味先石锅饭', '套餐类', '16.0', NULL, NULL);
INSERT INTO `menu` VALUES ('香卤鸡腿饭', '缘味先石锅饭', '套餐类', '14.0', NULL, NULL);
INSERT INTO `menu` VALUES ('黄焖鸡饭', '缘味先石锅饭', '套餐类', '15.0', NULL, NULL);
INSERT INTO `menu` VALUES ('上海青', '美味自选快餐', '便餐类', '2.00', NULL, NULL);
INSERT INTO `menu` VALUES ('卤蛋', '美味自选快餐', '便餐类', '1.50', NULL, NULL);
INSERT INTO `menu` VALUES ('卤鸡腿', '美味自选快餐', '便餐类', '6.00', NULL, NULL);
INSERT INTO `menu` VALUES ('卤鸭边腿', '美味自选快餐', '便餐类', '6.00', NULL, NULL);
INSERT INTO `menu` VALUES ('回锅肉', '美味自选快餐', '便餐类', '5.00', NULL, NULL);
INSERT INTO `menu` VALUES ('土豆丝', '美味自选快餐', '便餐类', '2.00', NULL, NULL);
INSERT INTO `menu` VALUES ('宫煲鸡丁', '美味自选快餐', '便餐类', '5.00', NULL, NULL);
INSERT INTO `menu` VALUES ('排骨炖海带', '美味自选快餐', '便餐类', '5.00', NULL, NULL);
INSERT INTO `menu` VALUES ('排骨炖萝卜', '美味自选快餐', '便餐类', '5.00', NULL, NULL);
INSERT INTO `menu` VALUES ('木耳山药', '美味自选快餐', '便餐类', '3.00', NULL, NULL);
INSERT INTO `menu` VALUES ('水煮鱼片', '美味自选快餐', '便餐类', '5.00', NULL, NULL);
INSERT INTO `menu` VALUES ('清蒸鱼', '美味自选快餐', '便餐类', '5.00', NULL, NULL);
INSERT INTO `menu` VALUES ('炒腐竹', '美味自选快餐', '便餐类', '3.00', NULL, NULL);
INSERT INTO `menu` VALUES ('炒莴笋', '美味自选快餐', '便餐类', '3.00', NULL, NULL);
INSERT INTO `menu` VALUES ('炒菌菇', '美味自选快餐', '便餐类', '3.00', NULL, NULL);
INSERT INTO `menu` VALUES ('炒香干', '美味自选快餐', '便餐类', '3.00', NULL, NULL);
INSERT INTO `menu` VALUES ('炒鸭血', '美味自选快餐', '便餐类', '2.00', NULL, NULL);
INSERT INTO `menu` VALUES ('烧大排', '美味自选快餐', '便餐类', '5.00', NULL, NULL);
INSERT INTO `menu` VALUES ('煎蛋', '美味自选快餐', '便餐类', '1.50', NULL, NULL);
INSERT INTO `menu` VALUES ('猪心炖枸杞', '美味自选快餐', '便餐类', '5.00', NULL, NULL);
INSERT INTO `menu` VALUES ('猪脚炖黄豆', '美味自选快餐', '便餐类', '5.00', NULL, NULL);
INSERT INTO `menu` VALUES ('白菜', '美味自选快餐', '便餐类', '1.00', NULL, NULL);
INSERT INTO `menu` VALUES ('白萝卜', '美味自选快餐', '便餐类', '1.00', NULL, NULL);
INSERT INTO `menu` VALUES ('盐水鸭', '美味自选快餐', '便餐类', '5.00', NULL, NULL);
INSERT INTO `menu` VALUES ('糟炒五花肉', '美味自选快餐', '便餐类', '5.00', NULL, NULL);
INSERT INTO `menu` VALUES ('糟炒小肠', '美味自选快餐', '便餐类', '5.00', NULL, NULL);
INSERT INTO `menu` VALUES ('红烧带鱼', '美味自选快餐', '便餐类', '5.00', NULL, NULL);
INSERT INTO `menu` VALUES ('红烧猪蹄', '美味自选快餐', '便餐类', '5.00', NULL, NULL);
INSERT INTO `menu` VALUES ('红烧肉', '美味自选快餐', '便餐类', '5.00', NULL, NULL);
INSERT INTO `menu` VALUES ('红烧茄子', '美味自选快餐', '便餐类', '3.00', NULL, NULL);
INSERT INTO `menu` VALUES ('红烧豆腐', '美味自选快餐', '便餐类', '2.00', NULL, NULL);
INSERT INTO `menu` VALUES ('红烧鸡块', '美味自选快餐', '便餐类', '5.00', NULL, NULL);
INSERT INTO `menu` VALUES ('老鸭炖香菇', '美味自选快餐', '便餐类', '5.00', NULL, NULL);
INSERT INTO `menu` VALUES ('芙蓉蛋', '美味自选快餐', '便餐类', '3.00', NULL, NULL);
INSERT INTO `menu` VALUES ('花菜', '美味自选快餐', '便餐类', '2.00', NULL, NULL);
INSERT INTO `menu` VALUES ('荔枝肉', '美味自选快餐', '便餐类', '5.00', NULL, NULL);
INSERT INTO `menu` VALUES ('虾米芥菜', '美味自选快餐', '便餐类', '2.00', NULL, NULL);
INSERT INTO `menu` VALUES ('西红柿炒鸡蛋', '美味自选快餐', '便餐类', '3.00', NULL, NULL);
INSERT INTO `menu` VALUES ('豆芽', '美味自选快餐', '便餐类', '1.00', NULL, NULL);
INSERT INTO `menu` VALUES ('醉排骨', '美味自选快餐', '便餐类', '5.00', NULL, NULL);
INSERT INTO `menu` VALUES ('香菇炖鸭翅', '美味自选快餐', '便餐类', '5.00', NULL, NULL);
INSERT INTO `menu` VALUES ('麻婆豆腐', '美味自选快餐', '便餐类', '2.00', NULL, NULL);
INSERT INTO `menu` VALUES ('三福小馄饨（大碗）', '老上海馄饨', '面食类', '10.0', NULL, NULL);
INSERT INTO `menu` VALUES ('三福小馄饨（小碗）', '老上海馄饨', '面食类', '6.00', NULL, NULL);
INSERT INTO `menu` VALUES ('乌鸡粉', '老上海馄饨', '面食类', '11.0', NULL, NULL);
INSERT INTO `menu` VALUES ('乌鸡面', '老上海馄饨', '面食类', '11.0', NULL, NULL);
INSERT INTO `menu` VALUES ('全家福大馄饨（大碗）', '老上海馄饨', '面食类', '17.0', NULL, NULL);
INSERT INTO `menu` VALUES ('全家福大馄饨（小碗）', '老上海馄饨', '面食类', '12.0', NULL, NULL);
INSERT INTO `menu` VALUES ('卤肉粉', '老上海馄饨', '面食类', '12.0', NULL, NULL);
INSERT INTO `menu` VALUES ('卤肉面', '老上海馄饨', '面食类', '12.0', NULL, NULL);
INSERT INTO `menu` VALUES ('干贝大馄饨（大碗）', '老上海馄饨', '面食类', '16.0', NULL, NULL);
INSERT INTO `menu` VALUES ('干贝大馄饨（小碗）', '老上海馄饨', '面食类', '11.0', NULL, NULL);
INSERT INTO `menu` VALUES ('广东肠粉', '老上海馄饨', '面食类', '7.00', NULL, NULL);
INSERT INTO `menu` VALUES ('杂酱面', '老上海馄饨', '面食类', '10.0', NULL, NULL);
INSERT INTO `menu` VALUES ('炒河粉', '老上海馄饨', '面食类', '9.00', NULL, NULL);
INSERT INTO `menu` VALUES ('炒米粉', '老上海馄饨', '面食类', '9.00', NULL, NULL);
INSERT INTO `menu` VALUES ('牛腩粉', '老上海馄饨', '面食类', '13.0', NULL, NULL);
INSERT INTO `menu` VALUES ('牛腩面', '老上海馄饨', '面食类', '13.0', NULL, NULL);
INSERT INTO `menu` VALUES ('老鸭粉', '老上海馄饨', '面食类', '11.0', NULL, NULL);
INSERT INTO `menu` VALUES ('老鸭面', '老上海馄饨', '面食类', '11.0', NULL, NULL);
INSERT INTO `menu` VALUES ('花生拌面', '老上海馄饨', '面食类', '4.50', NULL, NULL);
INSERT INTO `menu` VALUES ('莆田卤面', '老上海馄饨', '面食类', '13.0', NULL, NULL);
INSERT INTO `menu` VALUES ('葱油拌面', '老上海馄饨', '面食类', '4.50', NULL, NULL);
INSERT INTO `menu` VALUES ('虾肉大馄饨（大碗）', '老上海馄饨', '面食类', '19.0', NULL, NULL);
INSERT INTO `menu` VALUES ('虾肉大馄饨（小碗）', '老上海馄饨', '面食类', '16.0', NULL, NULL);
INSERT INTO `menu` VALUES ('韭菜大馄饨（大碗）', '老上海馄饨', '面食类', '16.0', NULL, NULL);
INSERT INTO `menu` VALUES ('韭菜大馄饨（小碗）', '老上海馄饨', '面食类', '11.0', NULL, NULL);
INSERT INTO `menu` VALUES ('馄饨面', '老上海馄饨', '面食类', '10.0', NULL, NULL);
INSERT INTO `menu` VALUES ('香菇大馄饨（大碗）', '老上海馄饨', '面食类', '16.0', NULL, NULL);
INSERT INTO `menu` VALUES ('香菇大馄饨（小碗）', '老上海馄饨', '面食类', '11.0', NULL, NULL);
INSERT INTO `menu` VALUES ('香菇小馄饨（大碗）', '老上海馄饨', '面食类', '10.0', NULL, NULL);
INSERT INTO `menu` VALUES ('香菇小馄饨（小碗）', '老上海馄饨', '面食类', '6.00', NULL, NULL);
INSERT INTO `menu` VALUES ('鲜肉小馄饨（大碗）', '老上海馄饨', '面食类', '10.0', NULL, NULL);
INSERT INTO `menu` VALUES ('鲜肉小馄饨（小碗）', '老上海馄饨', '面食类', '6.00', NULL, NULL);
INSERT INTO `menu` VALUES ('一品蒸饺', '老北京杂酱面', '小吃类', '5.00', NULL, NULL);
INSERT INTO `menu` VALUES ('乌冬面/粉/扁肉', '老北京杂酱面', '面食类', '11.0', NULL, NULL);
INSERT INTO `menu` VALUES ('天麻猪脑汤', '老北京杂酱面', '汤类', '8.00', NULL, NULL);
INSERT INTO `menu` VALUES ('小笼包', '老北京杂酱面', '小吃类', '6.00', NULL, NULL);
INSERT INTO `menu` VALUES ('当归牛肉汤', '老北京杂酱面', '汤类', '10.0', NULL, NULL);
INSERT INTO `menu` VALUES ('排骨面/粉/扁肉', '老北京杂酱面', '面食类', '11.0', NULL, NULL);
INSERT INTO `menu` VALUES ('枸杞猪心汤', '老北京杂酱面', '汤类', '7.00', NULL, NULL);
INSERT INTO `menu` VALUES ('榨菜肉丝面/粉', '老北京杂酱面', '面食类', '10.0', NULL, NULL);
INSERT INTO `menu` VALUES ('水饺', '老北京杂酱面', '面食类', '10.0', NULL, NULL);
INSERT INTO `menu` VALUES ('清汤面/粉', '老北京杂酱面', '面食类', '5.00', NULL, NULL);
INSERT INTO `menu` VALUES ('炸酱牛肉面/粉', '老北京杂酱面', '面食类', '18.0', NULL, NULL);
INSERT INTO `menu` VALUES ('炸酱肉丝面/粉', '老北京杂酱面', '面食类', '15.0', NULL, NULL);
INSERT INTO `menu` VALUES ('炸酱面+烫嘴豆腐', '老北京杂酱面', '套餐类', '15.0', NULL, NULL);
INSERT INTO `menu` VALUES ('炸酱面煎蛋', '老北京杂酱面', '面食类', '14.0', NULL, NULL);
INSERT INTO `menu` VALUES ('烫嘴豆腐', '老北京杂酱面', '小吃类', '6.00', NULL, NULL);
INSERT INTO `menu` VALUES ('热狗', '老北京杂酱面', '小吃类', '2.00', NULL, NULL);
INSERT INTO `menu` VALUES ('牛肉面/粉', '老北京杂酱面', '面食类', '15.0', NULL, NULL);
INSERT INTO `menu` VALUES ('猪心面/粉', '老北京杂酱面', '面食类', '11.0', NULL, NULL);
INSERT INTO `menu` VALUES ('猪肚面/粉', '老北京杂酱面', '面食类', '12.0', NULL, NULL);
INSERT INTO `menu` VALUES ('猪脑面/粉', '老北京杂酱面', '面食类', '12.0', NULL, NULL);
INSERT INTO `menu` VALUES ('百灵草老鸭汤', '老北京杂酱面', '汤类', '7.00', NULL, NULL);
INSERT INTO `menu` VALUES ('素菜饭', '老北京杂酱面', '套餐类', '8.00', NULL, NULL);
INSERT INTO `menu` VALUES ('老鸭面/粉', '老北京杂酱面', '面食类', '11.0', NULL, NULL);
INSERT INTO `menu` VALUES ('花旗参乌鸡汤', '老北京杂酱面', '汤类', '7.00', NULL, NULL);
INSERT INTO `menu` VALUES ('茶叶蛋', '老北京杂酱面', '小吃类', '2.00', NULL, NULL);
INSERT INTO `menu` VALUES ('荷包蛋', '老北京杂酱面', '小吃类', '2.00', NULL, NULL);
INSERT INTO `menu` VALUES ('莲子猪肚汤', '老北京杂酱面', '汤类', '8.00', NULL, NULL);
INSERT INTO `menu` VALUES ('蛋炒粉', '老北京杂酱面', '面食类', '8.00', NULL, NULL);
INSERT INTO `menu` VALUES ('蛋炒面', '老北京杂酱面', '面食类', '8.00', NULL, NULL);
INSERT INTO `menu` VALUES ('蛋炒饭', '老北京杂酱面', '套餐类', '8.00', NULL, NULL);
INSERT INTO `menu` VALUES ('豆干', '老北京杂酱面', '小吃类', '1.50', NULL, NULL);
INSERT INTO `menu` VALUES ('酸辣面/粉', '老北京杂酱面', '面食类', '12.0', NULL, NULL);
INSERT INTO `menu` VALUES ('金牌炸酱粉', '老北京杂酱面', '面食类', '12.0', NULL, NULL);
INSERT INTO `menu` VALUES ('金牌炸酱面', '老北京杂酱面', '面食类', '12.0', NULL, NULL);
INSERT INTO `menu` VALUES ('飘香拌面', '老北京杂酱面', '小吃类', '5.00', NULL, NULL);
INSERT INTO `menu` VALUES ('香脆扁肉', '老北京杂酱面', '小吃类', '6.00', NULL, NULL);
INSERT INTO `menu` VALUES ('香菇排骨', '老北京杂酱面', '汤类', '7.00', NULL, NULL);
INSERT INTO `menu` VALUES ('鸡腿', '老北京杂酱面', '小吃类', '5.00', NULL, NULL);
INSERT INTO `menu` VALUES ('鸡腿饭', '老北京杂酱面', '套餐类', '12.0', NULL, NULL);
INSERT INTO `menu` VALUES ('鸡腿饭+烫嘴豆腐', '老北京杂酱面', '套餐类', '15.0', NULL, NULL);
INSERT INTO `menu` VALUES ('鸭腿', '老北京杂酱面', '小吃类', '7.00', NULL, NULL);
INSERT INTO `menu` VALUES ('鸭腿饭', '老北京杂酱面', '套餐类', '13.0', NULL, NULL);
INSERT INTO `menu` VALUES ('鸭腿饭+烫嘴豆腐', '老北京杂酱面', '套餐类', '15.0', NULL, NULL);
INSERT INTO `menu` VALUES ('原味肉粽+福鼎肉片', '肠粉肉粽', '套餐类', '15.0', NULL, NULL);
INSERT INTO `menu` VALUES ('原味鲜肉粽', '肠粉肉粽', '小吃类', '8.00', NULL, NULL);
INSERT INTO `menu` VALUES ('干贝鲜肉粽', '肠粉肉粽', '小吃类', '11.0', NULL, NULL);
INSERT INTO `menu` VALUES ('板栗鲜肉粽', '肠粉肉粽', '小吃类', '10.0', NULL, NULL);
INSERT INTO `menu` VALUES ('福鼎肉片大碗', '肠粉肉粽', '小吃类', '12.0', NULL, NULL);
INSERT INTO `menu` VALUES ('红枣豆沙粽', '肠粉肉粽', '小吃类', '7.00', NULL, NULL);
INSERT INTO `menu` VALUES ('葱油干拌肉片', '肠粉肉粽', '小吃类', '13.0', NULL, NULL);
INSERT INTO `menu` VALUES ('虾仁鲜肉粽', '肠粉肉粽', '小吃类', '11.0', NULL, NULL);
INSERT INTO `menu` VALUES ('虾米香菇粽', '肠粉肉粽', '小吃类', '8.00', NULL, NULL);
INSERT INTO `menu` VALUES ('蛋黄鲜肉粽', '肠粉肉粽', '小吃类', '10.0', NULL, NULL);
INSERT INTO `menu` VALUES ('蜜枣花生粽', '肠粉肉粽', '小吃类', '7.00', NULL, NULL);
INSERT INTO `menu` VALUES ('鲜肉双蛋肠粉', '肠粉肉粽', '小吃类', '9.00', NULL, NULL);
INSERT INTO `menu` VALUES ('鲜肉蛋玉米肠粉', '肠粉肉粽', '小吃类', '9.00', NULL, NULL);
INSERT INTO `menu` VALUES ('鲜肉蛋粉+福鼎肉片', '肠粉肉粽', '套餐类', '15.0', NULL, NULL);
INSERT INTO `menu` VALUES ('鲜肉蛋肠粉', '肠粉肉粽', '小吃类', '8.00', NULL, NULL);
INSERT INTO `menu` VALUES ('鲜肉蛋香菇肠粉', '肠粉肉粽', '小吃类', '9.00', NULL, NULL);
INSERT INTO `menu` VALUES ('鲜蛋玉米肠粉', '肠粉肉粽', '小吃类', '8.00', NULL, NULL);
INSERT INTO `menu` VALUES ('鲜蛋肠粉', '肠粉肉粽', '小吃类', '7.00', NULL, NULL);
INSERT INTO `menu` VALUES ('鲜蛋香菇肠粉', '肠粉肉粽', '小吃类', '8.00', NULL, NULL);
INSERT INTO `menu` VALUES ('原味牛肉饭（不辣）', '苗家酸菜鱼饭', '套餐类', '15.0', NULL, NULL);
INSERT INTO `menu` VALUES ('原味田鸡饭（不辣）', '苗家酸菜鱼饭', '套餐类', '15.0', NULL, NULL);
INSERT INTO `menu` VALUES ('原味肉片饭（不辣）', '苗家酸菜鱼饭', '套餐类', '13.0', NULL, NULL);
INSERT INTO `menu` VALUES ('原味鱼片饭（不辣）', '苗家酸菜鱼饭', '套餐类', '12.0', NULL, NULL);
INSERT INTO `menu` VALUES ('原味鸡肉饭（不辣）', '苗家酸菜鱼饭', '套餐类', '15.0', NULL, NULL);
INSERT INTO `menu` VALUES ('原味鸭胗饭（不辣）', '苗家酸菜鱼饭', '套餐类', '12.0', NULL, NULL);
INSERT INTO `menu` VALUES ('原味龙利鱼（不辣）', '苗家酸菜鱼饭', '套餐类', '13.0', NULL, NULL);
INSERT INTO `menu` VALUES ('水库牛腩煲（含饭）', '苗家酸菜鱼饭', '套餐类', '12.0', NULL, NULL);
INSERT INTO `menu` VALUES ('水煮牛肉饭（麻辣）', '苗家酸菜鱼饭', '套餐类', '15.0', NULL, NULL);
INSERT INTO `menu` VALUES ('水煮田鸡饭（麻辣）', '苗家酸菜鱼饭', '套餐类', '15.0', NULL, NULL);
INSERT INTO `menu` VALUES ('水煮豆花肉片饭（麻辣）', '苗家酸菜鱼饭', '套餐类', '13.0', NULL, NULL);
INSERT INTO `menu` VALUES ('水煮豆花鱼片饭（麻辣）', '苗家酸菜鱼饭', '套餐类', '12.0', NULL, NULL);
INSERT INTO `menu` VALUES ('水煮鸡肉饭（麻辣）', '苗家酸菜鱼饭', '套餐类', '11.0', NULL, NULL);
INSERT INTO `menu` VALUES ('水煮鸭胗饭（麻辣）', '苗家酸菜鱼饭', '套餐类', '12.0', NULL, NULL);
INSERT INTO `menu` VALUES ('水煮龙利鱼（麻辣）', '苗家酸菜鱼饭', '套餐类', '13.0', NULL, NULL);
INSERT INTO `menu` VALUES ('泡椒牛肉饭（微辣）', '苗家酸菜鱼饭', '套餐类', '15.0', NULL, NULL);
INSERT INTO `menu` VALUES ('泡椒田鸡饭（微辣）', '苗家酸菜鱼饭', '套餐类', '15.0', NULL, NULL);
INSERT INTO `menu` VALUES ('泡椒肉片饭（微辣）', '苗家酸菜鱼饭', '套餐类', '13.0', NULL, NULL);
INSERT INTO `menu` VALUES ('泡椒鱼片饭（微辣）', '苗家酸菜鱼饭', '套餐类', '12.0', NULL, NULL);
INSERT INTO `menu` VALUES ('泡椒鸡肉饭（微辣）', '苗家酸菜鱼饭', '套餐类', '11.0', NULL, NULL);
INSERT INTO `menu` VALUES ('泡椒鸭胗饭（微辣）', '苗家酸菜鱼饭', '套餐类', '12.0', NULL, NULL);
INSERT INTO `menu` VALUES ('泡椒龙利鱼（微辣）', '苗家酸菜鱼饭', '套餐类', '13.0', NULL, NULL);
INSERT INTO `menu` VALUES ('酸菜牛肉饭（微辣）', '苗家酸菜鱼饭', '套餐类', '15.0', NULL, NULL);
INSERT INTO `menu` VALUES ('酸菜田鸡饭（微辣）', '苗家酸菜鱼饭', '套餐类', '15.0', NULL, NULL);
INSERT INTO `menu` VALUES ('酸菜肉片饭（微辣）', '苗家酸菜鱼饭', '套餐类', '13.0', NULL, NULL);
INSERT INTO `menu` VALUES ('酸菜鱼肉饭（微辣）', '苗家酸菜鱼饭', '套餐类', '12.0', NULL, NULL);
INSERT INTO `menu` VALUES ('酸菜鸡肉饭（微辣）', '苗家酸菜鱼饭', '套餐类', '11.0', NULL, NULL);
INSERT INTO `menu` VALUES ('酸菜鸭胗饭（微辣）', '苗家酸菜鱼饭', '套餐类', '12.0', NULL, NULL);
INSERT INTO `menu` VALUES ('酸菜龙利鱼（微辣）', '苗家酸菜鱼饭', '套餐类', '13.0', NULL, NULL);
INSERT INTO `menu` VALUES ('酸辣肥牛煲（含饭）', '苗家酸菜鱼饭', '套餐类', '12.0', NULL, NULL);
INSERT INTO `menu` VALUES ('锅仔涮羊肉（含饭）', '苗家酸菜鱼饭', '套餐类', '12.0', NULL, NULL);
INSERT INTO `menu` VALUES ('锅仔肉片煲（含饭）', '苗家酸菜鱼饭', '套餐类', '13.0', NULL, NULL);
INSERT INTO `menu` VALUES ('韩式泡菜煲（含饭）', '苗家酸菜鱼饭', '套餐类', '12.0', NULL, NULL);
INSERT INTO `menu` VALUES ('鱼头豆腐煲（含饭）', '苗家酸菜鱼饭', '套餐类', '11.0', NULL, NULL);
INSERT INTO `menu` VALUES (' 叉烧包', '营养快餐', '早餐类', '3.50', NULL, NULL);
INSERT INTO `menu` VALUES (' 烧麦', '营养快餐', '早餐类', '2.00', NULL, NULL);
INSERT INTO `menu` VALUES (' 热狗卷', '营养快餐', '早餐类', '3.50', NULL, NULL);
INSERT INTO `menu` VALUES (' 白煮蛋', '营养快餐', '早餐类', '1.50', NULL, NULL);
INSERT INTO `menu` VALUES (' 皮蛋瘦肉粥', '营养快餐', '早餐类', '3.50', NULL, NULL);
INSERT INTO `menu` VALUES (' 肉包', '营养快餐', '早餐类', '2.50', NULL, NULL);
INSERT INTO `menu` VALUES (' 肉沫水蛋', '营养快餐', '便餐类', '4.00', NULL, NULL);
INSERT INTO `menu` VALUES (' 豆浆', '营养快餐', '早餐类', '1.00', NULL, NULL);
INSERT INTO `menu` VALUES ('剁椒鱼头', '营养快餐', '便餐类', '6.00', NULL, NULL);
INSERT INTO `menu` VALUES ('卤蛋', '营养快餐', '便餐类', '1.50', NULL, NULL);
INSERT INTO `menu` VALUES ('卤蛋（早餐）', '营养快餐', '早餐类', '1.50', NULL, NULL);
INSERT INTO `menu` VALUES ('可乐鸡鸭翅', '营养快餐', '便餐类', '6.00', NULL, NULL);
INSERT INTO `menu` VALUES ('咖喱鸡', '营养快餐', '便餐类', '5.50', NULL, NULL);
INSERT INTO `menu` VALUES ('咸菜', '营养快餐', '早餐类', '1.00', NULL, NULL);
INSERT INTO `menu` VALUES ('咸蛋', '营养快餐', '早餐类', '2.00', NULL, NULL);
INSERT INTO `menu` VALUES ('啤酒鸭', '营养快餐', '便餐类', '6.00', NULL, NULL);
INSERT INTO `menu` VALUES ('土鸡山药汤', '营养快餐', '汤类', '5.00', NULL, NULL);
INSERT INTO `menu` VALUES ('培根金针菇', '营养快餐', '便餐类', '5.00', NULL, NULL);
INSERT INTO `menu` VALUES ('奶黄包', '营养快餐', '早餐类', '2.50', NULL, NULL);
INSERT INTO `menu` VALUES ('家常豆腐', '营养快餐', '便餐类', '3.00', NULL, NULL);
INSERT INTO `menu` VALUES ('小炒肉', '营养快餐', '便餐类', '6.00', NULL, NULL);
INSERT INTO `menu` VALUES ('拍黄瓜', '营养快餐', '便餐类', '2.00', NULL, NULL);
INSERT INTO `menu` VALUES ('排骨海带汤', '营养快餐', '汤类', '3.00', NULL, NULL);
INSERT INTO `menu` VALUES ('排骨萝卜汤', '营养快餐', '汤类', '3.00', NULL, NULL);
INSERT INTO `menu` VALUES ('木耳山药', '营养快餐', '便餐类', '3.00', NULL, NULL);
INSERT INTO `menu` VALUES ('松子鱼', '营养快餐', '便餐类', '6.00', NULL, NULL);
INSERT INTO `menu` VALUES ('梅菜扣肉', '营养快餐', '便餐类', '6.00', NULL, NULL);
INSERT INTO `menu` VALUES ('椒盐茄夹', '营养快餐', '便餐类', '5.00', NULL, NULL);
INSERT INTO `menu` VALUES ('椒盐藕夹', '营养快餐', '便餐类', '5.00', NULL, NULL);
INSERT INTO `menu` VALUES ('水煮肉片', '营养快餐', '便餐类', '6.00', NULL, NULL);
INSERT INTO `menu` VALUES ('水煮鱼片', '营养快餐', '便餐类', '6.00', NULL, NULL);
INSERT INTO `menu` VALUES ('油条', '营养快餐', '早餐类', '2.00', NULL, NULL);
INSERT INTO `menu` VALUES ('油炸小馒头', '营养快餐', '早餐类', '3.00', NULL, NULL);
INSERT INTO `menu` VALUES ('洋葱炒蛋', '营养快餐', '便餐类', '3.00', NULL, NULL);
INSERT INTO `menu` VALUES ('流沙包', '营养快餐', '早餐类', '2.50', NULL, NULL);
INSERT INTO `menu` VALUES ('清炒杏鲍菇', '营养快餐', '便餐类', '3.00', NULL, NULL);
INSERT INTO `menu` VALUES ('清炒素菜', '营养快餐', '早餐类', '2.00', NULL, NULL);
INSERT INTO `menu` VALUES ('清炒花菜', '营养快餐', '便餐类', '3.00', NULL, NULL);
INSERT INTO `menu` VALUES ('清炒西蓝花', '营养快餐', '便餐类', '3.00', NULL, NULL);
INSERT INTO `menu` VALUES ('清炒香菇', '营养快餐', '便餐类', '4.00', NULL, NULL);
INSERT INTO `menu` VALUES ('清炒鸡腿菇', '营养快餐', '便餐类', '3.00', NULL, NULL);
INSERT INTO `menu` VALUES ('清蒸鱼块', '营养快餐', '便餐类', '6.00', NULL, NULL);
INSERT INTO `menu` VALUES ('炒上海青', '营养快餐', '便餐类', '2.00', NULL, NULL);
INSERT INTO `menu` VALUES ('炒佛手瓜', '营养快餐', '便餐类', '2.00', NULL, NULL);
INSERT INTO `menu` VALUES ('炒胡瓜', '营养快餐', '便餐类', '2.00', NULL, NULL);
INSERT INTO `menu` VALUES ('炒芥菜', '营养快餐', '便餐类', '2.00', NULL, NULL);
INSERT INTO `menu` VALUES ('炒莴笋', '营养快餐', '便餐类', '3.00', NULL, NULL);
INSERT INTO `menu` VALUES ('炒豆皮', '营养快餐', '便餐类', '3.00', NULL, NULL);
INSERT INTO `menu` VALUES ('炒青葫芦', '营养快餐', '便餐类', '2.00', NULL, NULL);
INSERT INTO `menu` VALUES ('炸鸡扒', '营养快餐', '便餐类', '6.00', NULL, NULL);
INSERT INTO `menu` VALUES ('热狗', '营养快餐', '便餐类', '2.00', NULL, NULL);
INSERT INTO `menu` VALUES ('热狗（早餐）', '营养快餐', '早餐类', '2.00', NULL, NULL);
INSERT INTO `menu` VALUES ('煎牛肉饼', '营养快餐', '早餐类', '5.00', NULL, NULL);
INSERT INTO `menu` VALUES ('煎葱花饼', '营养快餐', '早餐类', '4.00', NULL, NULL);
INSERT INTO `menu` VALUES ('煎蛋', '营养快餐', '便餐类', '2.00', NULL, NULL);
INSERT INTO `menu` VALUES ('煎蛋（早餐）', '营养快餐', '早餐类', '2.00', NULL, NULL);
INSERT INTO `menu` VALUES ('煎饺', '营养快餐', '早餐类', '3.00', NULL, NULL);
INSERT INTO `menu` VALUES ('白切鸡', '营养快餐', '便餐类', '5.50', NULL, NULL);
INSERT INTO `menu` VALUES ('白米粥', '营养快餐', '早餐类', '0.50', NULL, NULL);
INSERT INTO `menu` VALUES ('白菜（小份）', '营养快餐', '便餐类', '1.00', NULL, NULL);
INSERT INTO `menu` VALUES ('白萝卜（小份）', '营养快餐', '便餐类', '1.00', NULL, NULL);
INSERT INTO `menu` VALUES ('白馒头', '营养快餐', '早餐类', '1.00', NULL, NULL);
INSERT INTO `menu` VALUES ('皮蛋', '营养快餐', '早餐类', '2.00', NULL, NULL);
INSERT INTO `menu` VALUES ('盐水鸡', '营养快餐', '便餐类', '5.50', NULL, NULL);
INSERT INTO `menu` VALUES ('粉蒸鸡腿', '营养快餐', '便餐类', '5.50', NULL, NULL);
INSERT INTO `menu` VALUES ('糯米鸡', '营养快餐', '早餐类', '3.50', NULL, NULL);
INSERT INTO `menu` VALUES ('红烧冬瓜', '营养快餐', '便餐类', '2.00', NULL, NULL);
INSERT INTO `menu` VALUES ('红烧南瓜', '营养快餐', '便餐类', '3.00', NULL, NULL);
INSERT INTO `menu` VALUES ('红烧肉', '营养快餐', '便餐类', '6.00', NULL, NULL);
INSERT INTO `menu` VALUES ('红烧茄子', '营养快餐', '便餐类', '3.00', NULL, NULL);
INSERT INTO `menu` VALUES ('红馒头', '营养快餐', '早餐类', '2.00', NULL, NULL);
INSERT INTO `menu` VALUES ('绿豆汤（限量）', '营养快餐', '汤类', '0.00', NULL, NULL);
INSERT INTO `menu` VALUES ('肉松', '营养快餐', '早餐类', '2.00', NULL, NULL);
INSERT INTO `menu` VALUES ('腐竹炒肉', '营养快餐', '便餐类', '5.00', NULL, NULL);
INSERT INTO `menu` VALUES ('花生米', '营养快餐', '早餐类', '2.00', NULL, NULL);
INSERT INTO `menu` VALUES ('花菜炒肉', '营养快餐', '便餐类', '4.00', NULL, NULL);
INSERT INTO `menu` VALUES ('苦瓜炒蛋', '营养快餐', '便餐类', '3.00', NULL, NULL);
INSERT INTO `menu` VALUES ('茭白炒肉', '营养快餐', '便餐类', '4.00', NULL, NULL);
INSERT INTO `menu` VALUES ('茶树菇老鸭汤', '营养快餐', '汤类', '5.00', NULL, NULL);
INSERT INTO `menu` VALUES ('荔枝肉', '营养快餐', '便餐类', '5.00', NULL, NULL);
INSERT INTO `menu` VALUES ('莲藕炒肉', '营养快餐', '便餐类', '4.00', NULL, NULL);
INSERT INTO `menu` VALUES ('菜包', '营养快餐', '早餐类', '1.50', NULL, NULL);
INSERT INTO `menu` VALUES ('萝卜干炒蛋', '营养快餐', '便餐类', '3.00', NULL, NULL);
INSERT INTO `menu` VALUES ('蚝油肉片', '营养快餐', '便餐类', '5.50', NULL, NULL);
INSERT INTO `menu` VALUES ('西红柿炒蛋', '营养快餐', '便餐类', '3.00', NULL, NULL);
INSERT INTO `menu` VALUES ('西芹炒肉', '营养快餐', '便餐类', '4.00', NULL, NULL);
INSERT INTO `menu` VALUES ('西蓝花炒肉', '营养快餐', '便餐类', '4.00', NULL, NULL);
INSERT INTO `menu` VALUES ('豆干片', '营养快餐', '便餐类', '1.00', NULL, NULL);
INSERT INTO `menu` VALUES ('豆芽（小份）', '营养快餐', '便餐类', '1.00', NULL, NULL);
INSERT INTO `menu` VALUES ('辣子鸡', '营养快餐', '便餐类', '5.50', NULL, NULL);
INSERT INTO `menu` VALUES ('酸菜鱼', '营养快餐', '便餐类', '6.00', NULL, NULL);
INSERT INTO `menu` VALUES ('酸辣土豆丝', '营养快餐', '便餐类', '2.00', NULL, NULL);
INSERT INTO `menu` VALUES ('酸辣海带丝', '营养快餐', '便餐类', '2.00', NULL, NULL);
INSERT INTO `menu` VALUES ('酸辣鸡杂', '营养快餐', '便餐类', '5.00', NULL, NULL);
INSERT INTO `menu` VALUES ('金包银', '营养快餐', '早餐类', '2.50', NULL, NULL);
INSERT INTO `menu` VALUES ('金玉满堂', '营养快餐', '便餐类', '3.00', NULL, NULL);
INSERT INTO `menu` VALUES ('金针菇炒蛋', '营养快餐', '便餐类', '3.00', NULL, NULL);
INSERT INTO `menu` VALUES ('锅包肉', '营养快餐', '便餐类', '6.00', NULL, NULL);
INSERT INTO `menu` VALUES ('青椒火腿', '营养快餐', '便餐类', '4.00', NULL, NULL);
INSERT INTO `menu` VALUES ('青椒猪肝', '营养快餐', '便餐类', '6.00', NULL, NULL);
INSERT INTO `menu` VALUES ('青椒肉片', '营养快餐', '便餐类', '6.00', NULL, NULL);
INSERT INTO `menu` VALUES ('面筋炒肉', '营养快餐', '便餐类', '4.00', NULL, NULL);
INSERT INTO `menu` VALUES ('韭菜炒蛋', '营养快餐', '便餐类', '3.00', NULL, NULL);
INSERT INTO `menu` VALUES ('香干片', '营养快餐', '早餐类', '2.00', NULL, NULL);
INSERT INTO `menu` VALUES ('香菇炒肉', '营养快餐', '便餐类', '5.00', NULL, NULL);
INSERT INTO `menu` VALUES ('香辣鸡鸭翅', '营养快餐', '便餐类', '6.00', NULL, NULL);
INSERT INTO `menu` VALUES ('马拉糕', '营养快餐', '早餐类', '2.00', NULL, NULL);
INSERT INTO `menu` VALUES ('鱼香肉丝', '营养快餐', '便餐类', '5.00', NULL, NULL);
INSERT INTO `menu` VALUES ('鸡汁福袋', '营养快餐', '便餐类', '5.00', NULL, NULL);
INSERT INTO `menu` VALUES ('鸡腿', '营养快餐', '便餐类', '5.00', NULL, NULL);
INSERT INTO `menu` VALUES ('麻婆豆腐', '营养快餐', '便餐类', '3.00', NULL, NULL);
INSERT INTO `menu` VALUES ('麻球', '营养快餐', '早餐类', '2.00', NULL, NULL);
INSERT INTO `menu` VALUES ('麻辣鸭血', '营养快餐', '便餐类', '3.00', NULL, NULL);
INSERT INTO `menu` VALUES ('黄焖鸡', '营养快餐', '便餐类', '5.50', NULL, NULL);
INSERT INTO `menu` VALUES ('黄瓜炒蛋', '营养快餐', '便餐类', '3.00', NULL, NULL);
INSERT INTO `menu` VALUES ('黄金甲', '营养快餐', '早餐类', '2.50', NULL, NULL);
INSERT INTO `menu` VALUES ('黑椒肉柳', '营养快餐', '便餐类', '5.00', NULL, NULL);
INSERT INTO `menu` VALUES ('龙眼肉', '营养快餐', '便餐类', '5.00', NULL, NULL);
INSERT INTO `menu` VALUES ('七喜', '豪客吉', '饮品类', '5.00', NULL, NULL);
INSERT INTO `menu` VALUES ('七虾堡', '豪客吉', '小吃类', '9.00', NULL, NULL);
INSERT INTO `menu` VALUES ('三人套餐(中式鸡腿堡+鸡蛋培根', '豪客吉', '套餐类', '61.0', NULL, NULL);
INSERT INTO `menu` VALUES ('中式藤椒鸡腿堡', '豪客吉', '小吃类', '12.0', NULL, NULL);
INSERT INTO `menu` VALUES ('劲脆七虾堡', '豪客吉', '小吃类', '12.0', NULL, NULL);
INSERT INTO `menu` VALUES ('可乐', '豪客吉', '饮品类', '5.00', NULL, NULL);
INSERT INTO `menu` VALUES ('周一特惠套餐(中式鸡腿堡+香辣', '豪客吉', '套餐类', '12.0', NULL, NULL);
INSERT INTO `menu` VALUES ('周三特惠套餐(劲脆七虾堡+黑椒', '豪客吉', '套餐类', '16.0', NULL, NULL);
INSERT INTO `menu` VALUES ('周二特惠套餐(中式藤椒鸡腿堡+', '豪客吉', '套餐类', '12.0', NULL, NULL);
INSERT INTO `menu` VALUES ('周五特惠套餐(半只鸡+中可)', '豪客吉', '套餐类', '13.0', NULL, NULL);
INSERT INTO `menu` VALUES ('周六特惠套餐(中式鸡腿堡+鸡肉', '豪客吉', '套餐类', '36.0', NULL, NULL);
INSERT INTO `menu` VALUES ('周四特惠套餐(红运热辣堡+滋补', '豪客吉', '套餐类', '18.0', NULL, NULL);
INSERT INTO `menu` VALUES ('周日特惠套餐(中式鸡腿堡、薯条', '豪客吉', '套餐类', '18.8', NULL, NULL);
INSERT INTO `menu` VALUES ('套餐A(中式鸡腿堡+薯条+中可', '豪客吉', '套餐类', '22.0', NULL, NULL);
INSERT INTO `menu` VALUES ('套餐B(鸭皇堡+傲娇辣翅+中可', '豪客吉', '套餐类', '27.0', NULL, NULL);
INSERT INTO `menu` VALUES ('套餐C(牛魔王堡+黑椒鸡块+中', '豪客吉', '套餐类', '27.0', NULL, NULL);
INSERT INTO `menu` VALUES ('套餐D(藤椒鸡腿堡+傲娇鸡翅+', '豪客吉', '套餐类', '23.0', NULL, NULL);
INSERT INTO `menu` VALUES ('套餐E(鸡蛋培根堡+香辣翅尖+', '豪客吉', '套餐类', '22.0', NULL, NULL);
INSERT INTO `menu` VALUES ('套餐F(黑木凤梨堡+鸡米花+中', '豪客吉', '套餐类', '25.0', NULL, NULL);
INSERT INTO `menu` VALUES ('套餐G(劲脆七虾堡+滋补烤全腿', '豪客吉', '套餐类', '24.0', NULL, NULL);
INSERT INTO `menu` VALUES ('开心大鸡排', '豪客吉', '小吃类', '12.0', NULL, NULL);
INSERT INTO `menu` VALUES ('果木凤梨堡', '豪客吉', '小吃类', '16.0', NULL, NULL);
INSERT INTO `menu` VALUES ('泰式鸡肉卷', '豪客吉', '小吃类', '9.00', NULL, NULL);
INSERT INTO `menu` VALUES ('滋补烤全腿', '豪客吉', '小吃类', '10.0', NULL, NULL);
INSERT INTO `menu` VALUES ('烤翅', '豪客吉', '小吃类', '9.00', NULL, NULL);
INSERT INTO `menu` VALUES ('牛肉堡', '豪客吉', '小吃类', '9.00', NULL, NULL);
INSERT INTO `menu` VALUES ('牛魔王堡', '豪客吉', '小吃类', '18.0', NULL, NULL);
INSERT INTO `menu` VALUES ('玉米杯', '豪客吉', '小吃类', '6.00', NULL, NULL);
INSERT INTO `menu` VALUES ('珍珠米汉堡', '豪客吉', '小吃类', '7.00', NULL, NULL);
INSERT INTO `menu` VALUES ('田园脆鸡堡', '豪客吉', '小吃类', '9.00', NULL, NULL);
INSERT INTO `menu` VALUES ('红运热辣堡', '豪客吉', '小吃类', '9.00', NULL, NULL);
INSERT INTO `menu` VALUES ('美年达', '豪客吉', '饮品类', '5.00', NULL, NULL);
INSERT INTO `menu` VALUES ('老北京鸡肉卷', '豪客吉', '小吃类', '9.50', NULL, NULL);
INSERT INTO `menu` VALUES ('脆皮手枪腿', '豪客吉', '小吃类', '11.0', NULL, NULL);
INSERT INTO `menu` VALUES ('脆皮炸鸡', '豪客吉', '小吃类', '23.0', NULL, NULL);
INSERT INTO `menu` VALUES ('菌菇肉片堡', '豪客吉', '小吃类', '15.0', NULL, NULL);
INSERT INTO `menu` VALUES ('薯条', '豪客吉', '小吃类', '8.00', NULL, NULL);
INSERT INTO `menu` VALUES ('蛋挞', '豪客吉', '小吃类', '6.00', NULL, NULL);
INSERT INTO `menu` VALUES ('蜜汁板烧', '豪客吉', '小吃类', '9.00', NULL, NULL);
INSERT INTO `menu` VALUES ('蜜汁烤鸡', '豪客吉', '小吃类', '22.0', NULL, NULL);
INSERT INTO `menu` VALUES ('豆筋堡', '豪客吉', '小吃类', '10.0', NULL, NULL);
INSERT INTO `menu` VALUES ('香芋甜心', '豪客吉', '小吃类', '7.00', NULL, NULL);
INSERT INTO `menu` VALUES ('香辣鸡腿堡', '豪客吉', '小吃类', '8.00', NULL, NULL);
INSERT INTO `menu` VALUES ('鸡米花', '豪客吉', '小吃类', '7.00', NULL, NULL);
INSERT INTO `menu` VALUES ('鸡肉卷', '豪客吉', '小吃类', '8.00', NULL, NULL);
INSERT INTO `menu` VALUES ('鸡蛋培根堡', '豪客吉', '小吃类', '11.0', NULL, NULL);
INSERT INTO `menu` VALUES ('鸭皇堡', '豪客吉', '小吃类', '16.0', NULL, NULL);
INSERT INTO `menu` VALUES ('黑椒鸡块', '豪客吉', '小吃类', '7.00', NULL, NULL);
INSERT INTO `menu` VALUES ('三鲜猪肉水饺', '重庆小面', '面食类', '10.0', NULL, NULL);
INSERT INTO `menu` VALUES ('五香牛肉面/粉', '重庆小面', '面食类', '15.0', NULL, NULL);
INSERT INTO `menu` VALUES ('凉皮', '重庆小面', '面食类', '10.0', NULL, NULL);
INSERT INTO `menu` VALUES ('凉面', '重庆小面', '面食类', '10.0', NULL, NULL);
INSERT INTO `menu` VALUES ('南京盐水鸭面/粉', '重庆小面', '面食类', '12.0', NULL, NULL);
INSERT INTO `menu` VALUES ('武汉热干面', '重庆小面', '面食类', '11.0', NULL, NULL);
INSERT INTO `menu` VALUES ('泡椒鸡杂面/粉', '重庆小面', '面食类', '11.0', NULL, NULL);
INSERT INTO `menu` VALUES ('清汤牛杂面/粉', '重庆小面', '面食类', '12.0', NULL, NULL);
INSERT INTO `menu` VALUES ('清汤牛滑面/粉', '重庆小面', '面食类', '11.0', NULL, NULL);
INSERT INTO `menu` VALUES ('清汤牛百叶面/粉', '重庆小面', '面食类', '15.0', NULL, NULL);
INSERT INTO `menu` VALUES ('清汤牛肉丸面/粉', '重庆小面', '面食类', '11.0', NULL, NULL);
INSERT INTO `menu` VALUES ('清汤牛肚面/粉', '重庆小面', '面食类', '15.0', NULL, NULL);
INSERT INTO `menu` VALUES ('清汤面', '重庆小面', '面食类', '6.00', NULL, NULL);
INSERT INTO `menu` VALUES ('清汤鱼丸面/粉', '重庆小面', '面食类', '11.0', NULL, NULL);
INSERT INTO `menu` VALUES ('煎鸡蛋', '重庆小面', '面食类', '1.50', NULL, NULL);
INSERT INTO `menu` VALUES ('玉米猪肉水饺', '重庆小面', '面食类', '10.0', NULL, NULL);
INSERT INTO `menu` VALUES ('白菜猪肉水饺', '重庆小面', '面食类', '10.0', NULL, NULL);
INSERT INTO `menu` VALUES ('红油抄手（混沌）', '重庆小面', '面食类', '12.0', NULL, NULL);
INSERT INTO `menu` VALUES ('红烧排骨面/粉', '重庆小面', '面食类', '12.0', NULL, NULL);
INSERT INTO `menu` VALUES ('红烧牛肉面/粉', '重庆小面', '面食类', '15.0', NULL, NULL);
INSERT INTO `menu` VALUES ('红烧猪蹄面/粉', '重庆小面', '面食类', '12.0', NULL, NULL);
INSERT INTO `menu` VALUES ('红烧肥肠面/粉', '重庆小面', '面食类', '14.0', NULL, NULL);
INSERT INTO `menu` VALUES ('红烧鸡块面/粉', '重庆小面', '面食类', '12.0', NULL, NULL);
INSERT INTO `menu` VALUES ('花生汤圆', '重庆小面', '面食类', '8.00', NULL, NULL);
INSERT INTO `menu` VALUES ('酸菜面/粉', '重庆小面', '面食类', '9.00', NULL, NULL);
INSERT INTO `menu` VALUES ('重庆三鲜米面', '重庆小面', '面食类', '12.0', NULL, NULL);
INSERT INTO `menu` VALUES ('重庆小面', '重庆小面', '面食类', '11.0', NULL, NULL);
INSERT INTO `menu` VALUES ('重庆担担面', '重庆小面', '面食类', '11.0', NULL, NULL);
INSERT INTO `menu` VALUES ('重庆炸酱面', '重庆小面', '面食类', '11.0', NULL, NULL);
INSERT INTO `menu` VALUES ('重庆酸辣粉', '重庆小面', '面食类', '11.0', NULL, NULL);
INSERT INTO `menu` VALUES ('青椒肉丝面/粉', '重庆小面', '面食类', '11.0', NULL, NULL);
INSERT INTO `menu` VALUES ('韭菜猪肉水饺', '重庆小面', '面食类', '10.0', NULL, NULL);
INSERT INTO `menu` VALUES ('香菇猪肉水饺', '重庆小面', '面食类', '10.0', NULL, NULL);
INSERT INTO `menu` VALUES ('黑芝麻汤圆', '重庆小面', '面食类', '8.00', NULL, NULL);
INSERT INTO `menu` VALUES ('卤肉', '闽南猪脚饭', '小吃类', '6.00', NULL, NULL);
INSERT INTO `menu` VALUES ('叉烧', '闽南猪脚饭', '小吃类', '6.00', NULL, NULL);
INSERT INTO `menu` VALUES ('台湾卤肉饭套餐', '闽南猪脚饭', '套餐类', '15.0', NULL, NULL);
INSERT INTO `menu` VALUES ('啤酒鸭套餐', '闽南猪脚饭', '套餐类', '12.0', NULL, NULL);
INSERT INTO `menu` VALUES ('奥尔良烧烤套餐', '闽南猪脚饭', '套餐类', '13.0', NULL, NULL);
INSERT INTO `menu` VALUES ('广式卤味套餐', '闽南猪脚饭', '套餐类', '13.0', NULL, NULL);
INSERT INTO `menu` VALUES ('广式卤鸭套餐', '闽南猪脚饭', '套餐类', '12.0', NULL, NULL);
INSERT INTO `menu` VALUES ('广式叉烧套餐', '闽南猪脚饭', '套餐类', '15.0', NULL, NULL);
INSERT INTO `menu` VALUES ('梅菜扣肉套餐', '闽南猪脚饭', '套餐类', '15.0', NULL, NULL);
INSERT INTO `menu` VALUES ('熏鸭胸肉', '闽南猪脚饭', '小吃类', '6.00', NULL, NULL);
INSERT INTO `menu` VALUES ('熏鸭脚肉套餐', '闽南猪脚饭', '套餐类', '13.0', NULL, NULL);
INSERT INTO `menu` VALUES ('猪脚', '闽南猪脚饭', '小吃类', '6.00', NULL, NULL);
INSERT INTO `menu` VALUES ('猪脚+卤肉套餐', '闽南猪脚饭', '套餐类', '18.0', NULL, NULL);
INSERT INTO `menu` VALUES ('肉末茄子套餐', '闽南猪脚饭', '套餐类', '10.0', NULL, NULL);
INSERT INTO `menu` VALUES ('脆鸡排', '闽南猪脚饭', '小吃类', '5.00', NULL, NULL);
INSERT INTO `menu` VALUES ('脆鸡排套餐', '闽南猪脚饭', '套餐类', '12.0', NULL, NULL);
INSERT INTO `menu` VALUES ('虾排套餐', '闽南猪脚饭', '套餐类', '12.0', NULL, NULL);
INSERT INTO `menu` VALUES ('虾饼', '闽南猪脚饭', '小吃类', '6.00', NULL, NULL);
INSERT INTO `menu` VALUES ('西红柿炒蛋套餐', '闽南猪脚饭', '套餐类', '10.0', NULL, NULL);
INSERT INTO `menu` VALUES ('金牌猪脚饭套餐', '闽南猪脚饭', '套餐类', '15.0', NULL, NULL);
INSERT INTO `menu` VALUES ('青椒肉丝套餐', '闽南猪脚饭', '套餐类', '10.0', NULL, NULL);
INSERT INTO `menu` VALUES ('香干肉丝套餐', '闽南猪脚饭', '套餐类', '10.0', NULL, NULL);
INSERT INTO `menu` VALUES ('鱼香肉丝套餐', '闽南猪脚饭', '套餐类', '10.0', NULL, NULL);
INSERT INTO `menu` VALUES ('鱿鱼花', '闽南猪脚饭', '小吃类', '6.00', NULL, NULL);
INSERT INTO `menu` VALUES ('京酱肉丝套餐饭', '闽味熏鸭', '套餐类', '13.0', NULL, NULL);
INSERT INTO `menu` VALUES ('任意双拼（双拼）', '闽味熏鸭', '杂项类', '13.0', NULL, NULL);
INSERT INTO `menu` VALUES ('卤五花肉套餐饭', '闽味熏鸭', '套餐类', '15.0', NULL, NULL);
INSERT INTO `menu` VALUES ('叉烧鸭套餐饭', '闽味熏鸭', '套餐类', '13.0', NULL, NULL);
INSERT INTO `menu` VALUES ('可乐鸭翅套餐饭', '闽味熏鸭', '套餐类', '13.0', NULL, NULL);
INSERT INTO `menu` VALUES ('咸水鸭粉/面', '闽味熏鸭', '面食类', '10.0', NULL, NULL);
INSERT INTO `menu` VALUES ('啤酒鸭套餐饭', '闽味熏鸭', '套餐类', '13.0', NULL, NULL);
INSERT INTO `menu` VALUES ('培根金针菇套餐饭', '闽味熏鸭', '套餐类', '13.0', NULL, NULL);
INSERT INTO `menu` VALUES ('客家咸水鸭套餐饭', '闽味熏鸭', '套餐类', '12.0', NULL, NULL);
INSERT INTO `menu` VALUES ('小炒肉套餐饭', '闽味熏鸭', '套餐类', '14.0', NULL, NULL);
INSERT INTO `menu` VALUES ('招牌熏鸭肉套餐饭', '闽味熏鸭', '套餐类', '13.0', NULL, NULL);
INSERT INTO `menu` VALUES ('柠香鸡胸沙拉', '闽味熏鸭', '套餐类', '13.0', NULL, NULL);
INSERT INTO `menu` VALUES ('椒盐盐酥鸡套餐饭', '闽味熏鸭', '套餐类', '13.0', NULL, NULL);
INSERT INTO `menu` VALUES ('沙拉熏肉拌饭', '闽味熏鸭', '套餐类', '10.0', NULL, NULL);
INSERT INTO `menu` VALUES ('熏香肠', '闽味熏鸭', '杂项类', '2.00', NULL, NULL);
INSERT INTO `menu` VALUES ('熏香鸭胸沙拉', '闽味熏鸭', '套餐类', '13.0', NULL, NULL);
INSERT INTO `menu` VALUES ('熏鸡蛋', '闽味熏鸭', '杂项类', '2.00', NULL, NULL);
INSERT INTO `menu` VALUES ('熏鸭拼五花肉（双拼）', '闽味熏鸭', '杂项类', '15.0', NULL, NULL);
INSERT INTO `menu` VALUES ('熏鸭肉小份', '闽味熏鸭', '杂项类', '6.00', NULL, NULL);
INSERT INTO `menu` VALUES ('熏鸭腿', '闽味熏鸭', '杂项类', '5.00', NULL, NULL);
INSERT INTO `menu` VALUES ('熏鸭腿套餐饭', '闽味熏鸭', '套餐类', '14.0', NULL, NULL);
INSERT INTO `menu` VALUES ('熏鸭腿粉/面', '闽味熏鸭', '面食类', '12.0', NULL, NULL);
INSERT INTO `menu` VALUES ('熏鸭鸡排饭（双拼）', '闽味熏鸭', '杂项类', '15.0', NULL, NULL);
INSERT INTO `menu` VALUES ('燃脂熏肉沙拉', '闽味熏鸭', '套餐类', '14.0', NULL, NULL);
INSERT INTO `menu` VALUES ('特色熏鸭粉/面', '闽味熏鸭', '面食类', '11.0', NULL, NULL);
INSERT INTO `menu` VALUES ('猪蹄套餐饭', '闽味熏鸭', '套餐类', '15.0', NULL, NULL);
INSERT INTO `menu` VALUES ('田园蔬菜沙拉', '闽味熏鸭', '套餐类', '9.00', NULL, NULL);
INSERT INTO `menu` VALUES ('番茄熏肉拌饭', '闽味熏鸭', '套餐类', '10.0', NULL, NULL);
INSERT INTO `menu` VALUES ('秘制牛肉沙拉', '闽味熏鸭', '套餐类', '18.0', NULL, NULL);
INSERT INTO `menu` VALUES ('素菜套餐饭', '闽味熏鸭', '套餐类', '8.00', NULL, NULL);
INSERT INTO `menu` VALUES ('脆皮鸡腿套餐饭', '闽味熏鸭', '套餐类', '13.0', NULL, NULL);
INSERT INTO `menu` VALUES ('荔枝肉套餐饭', '闽味熏鸭', '套餐类', '13.0', NULL, NULL);
INSERT INTO `menu` VALUES ('葱油鸡套餐饭', '闽味熏鸭', '套餐类', '13.0', NULL, NULL);
INSERT INTO `menu` VALUES ('葱油鸭心套餐饭', '闽味熏鸭', '套餐类', '12.0', NULL, NULL);
INSERT INTO `menu` VALUES ('蒜香鸡腿套餐饭', '闽味熏鸭', '套餐类', '13.0', NULL, NULL);
INSERT INTO `menu` VALUES ('藤椒鸡排套餐', '闽味熏鸭', '套餐类', '13.0', NULL, NULL);
INSERT INTO `menu` VALUES ('辣子鸡套餐饭', '闽味熏鸭', '套餐类', '13.0', NULL, NULL);
INSERT INTO `menu` VALUES ('韩式五花肉套餐饭', '闽味熏鸭', '套餐类', '15.0', NULL, NULL);
INSERT INTO `menu` VALUES ('香辣翅根', '闽味熏鸭', '杂项类', '3.00', NULL, NULL);
INSERT INTO `menu` VALUES ('香辣翅根套餐饭', '闽味熏鸭', '套餐类', '14.0', NULL, NULL);
INSERT INTO `menu` VALUES ('香酥鸭套餐饭', '闽味熏鸭', '套餐类', '13.0', NULL, NULL);
INSERT INTO `menu` VALUES ('鱼香肉丝套餐饭', '闽味熏鸭', '套餐类', '13.0', NULL, NULL);
INSERT INTO `menu` VALUES ('鸭心粉/面', '闽味熏鸭', '面食类', '10.0', NULL, NULL);
INSERT INTO `menu` VALUES ('万州烤鱼', '阳光小厨', '便餐类', '5.50', NULL, NULL);
INSERT INTO `menu` VALUES ('东北地三鲜', '阳光小厨', '便餐类', '3.00', NULL, NULL);
INSERT INTO `menu` VALUES ('什锦开花肠', '阳光小厨', '便餐类', '5.00', NULL, NULL);
INSERT INTO `menu` VALUES ('剁椒鱼块', '阳光小厨', '便餐类', '5.00', NULL, NULL);
INSERT INTO `menu` VALUES ('原味胡萝卜', '阳光小厨', '便餐类', '1.00', NULL, NULL);
INSERT INTO `menu` VALUES ('原味蒸南瓜', '阳光小厨', '便餐类', '3.00', NULL, NULL);
INSERT INTO `menu` VALUES ('土豆烧鸡块', '阳光小厨', '便餐类', '4.00', NULL, NULL);
INSERT INTO `menu` VALUES ('培根炒花菜', '阳光小厨', '便餐类', '4.00', NULL, NULL);
INSERT INTO `menu` VALUES ('外婆蛋饼', '阳光小厨', '便餐类', '3.00', NULL, NULL);
INSERT INTO `menu` VALUES ('奥尔良鸡腿排', '阳光小厨', '便餐类', '6.00', NULL, NULL);
INSERT INTO `menu` VALUES ('孜然鸡块', '阳光小厨', '便餐类', '6.00', NULL, NULL);
INSERT INTO `menu` VALUES ('宫保鸡丁', '阳光小厨', '便餐类', '4.00', NULL, NULL);
INSERT INTO `menu` VALUES ('家常豆腐', '阳光小厨', '便餐类', '3.00', NULL, NULL);
INSERT INTO `menu` VALUES ('尖椒豆腐皮', '阳光小厨', '便餐类', '3.00', NULL, NULL);
INSERT INTO `menu` VALUES ('川味回锅肉', '阳光小厨', '便餐类', '6.00', NULL, NULL);
INSERT INTO `menu` VALUES ('川香辣子鸡', '阳光小厨', '便餐类', '5.00', NULL, NULL);
INSERT INTO `menu` VALUES ('干锅包菜', '阳光小厨', '便餐类', '3.00', NULL, NULL);
INSERT INTO `menu` VALUES ('日本豆腐蒸肉沫', '阳光小厨', '便餐类', '6.00', NULL, NULL);
INSERT INTO `menu` VALUES ('木耳炒淮山', '阳光小厨', '便餐类', '3.00', NULL, NULL);
INSERT INTO `menu` VALUES ('梅菜扣肉', '阳光小厨', '便餐类', '6.00', NULL, NULL);
INSERT INTO `menu` VALUES ('梅菜烧鸭', '阳光小厨', '便餐类', '6.00', NULL, NULL);
INSERT INTO `menu` VALUES ('椒盐秋刀鱼', '阳光小厨', '便餐类', '4.00', NULL, NULL);
INSERT INTO `menu` VALUES ('椒盐鸭锁骨', '阳光小厨', '便餐类', '6.00', NULL, NULL);
INSERT INTO `menu` VALUES ('榕城荔枝肉', '阳光小厨', '便餐类', '6.00', NULL, NULL);
INSERT INTO `menu` VALUES ('沙拉鸡排', '阳光小厨', '便餐类', '5.00', NULL, NULL);
INSERT INTO `menu` VALUES ('油淋春菜', '阳光小厨', '便餐类', '2.00', NULL, NULL);
INSERT INTO `menu` VALUES ('油焖大虾', '阳光小厨', '便餐类', '6.00', NULL, NULL);
INSERT INTO `menu` VALUES ('洋葱炒蛋', '阳光小厨', '便餐类', '3.00', NULL, NULL);
INSERT INTO `menu` VALUES ('海底捞月', '阳光小厨', '便餐类', '6.00', NULL, NULL);
INSERT INTO `menu` VALUES ('海鲜菇炒肉丝', '阳光小厨', '便餐类', '4.00', NULL, NULL);
INSERT INTO `menu` VALUES ('清炒木耳菜', '阳光小厨', '便餐类', '2.00', NULL, NULL);
INSERT INTO `menu` VALUES ('清炒白菜', '阳光小厨', '便餐类', '1.00', NULL, NULL);
INSERT INTO `menu` VALUES ('清炒盖菜', '阳光小厨', '便餐类', '2.00', NULL, NULL);
INSERT INTO `menu` VALUES ('清炒胡瓜', '阳光小厨', '便餐类', '2.00', NULL, NULL);
INSERT INTO `menu` VALUES ('清炒菜心', '阳光小厨', '便餐类', '2.00', NULL, NULL);
INSERT INTO `menu` VALUES ('清蒸蛋饺', '阳光小厨', '便餐类', '3.00', NULL, NULL);
INSERT INTO `menu` VALUES ('清蒸鱼块', '阳光小厨', '便餐类', '5.00', NULL, NULL);
INSERT INTO `menu` VALUES ('潮汕卤鸡腿', '阳光小厨', '便餐类', '5.00', NULL, NULL);
INSERT INTO `menu` VALUES ('爆炒猪肝', '阳光小厨', '便餐类', '5.50', NULL, NULL);
INSERT INTO `menu` VALUES ('爆炒鸡杂', '阳光小厨', '便餐类', '5.00', NULL, NULL);
INSERT INTO `menu` VALUES ('爽口海带丝', '阳光小厨', '便餐类', '2.00', NULL, NULL);
INSERT INTO `menu` VALUES ('玉米排骨汤', '阳光小厨', '便餐类', '5.00', NULL, NULL);
INSERT INTO `menu` VALUES ('玉米炒三鲜', '阳光小厨', '便餐类', '3.50', NULL, NULL);
INSERT INTO `menu` VALUES ('玉米炒虾仁', '阳光小厨', '便餐类', '6.00', NULL, NULL);
INSERT INTO `menu` VALUES ('玉米虾排', '阳光小厨', '便餐类', '6.00', NULL, NULL);
INSERT INTO `menu` VALUES ('白切鸡', '阳光小厨', '便餐类', '6.00', NULL, NULL);
INSERT INTO `menu` VALUES ('盐水鸭', '阳光小厨', '便餐类', '6.00', NULL, NULL);
INSERT INTO `menu` VALUES ('福州糟肉', '阳光小厨', '便餐类', '6.00', NULL, NULL);
INSERT INTO `menu` VALUES ('秘制酱鸭', '阳光小厨', '便餐类', '6.00', NULL, NULL);
INSERT INTO `menu` VALUES ('笋干炒肉丝', '阳光小厨', '便餐类', '3.00', NULL, NULL);
INSERT INTO `menu` VALUES ('笋干炖肉', '阳光小厨', '便餐类', '6.00', NULL, NULL);
INSERT INTO `menu` VALUES ('粉丝蒸鸡腿肉', '阳光小厨', '便餐类', '6.00', NULL, NULL);
INSERT INTO `menu` VALUES ('粉蒸鸭肉', '阳光小厨', '便餐类', '6.00', NULL, NULL);
INSERT INTO `menu` VALUES ('糖醋里脊', '阳光小厨', '便餐类', '6.00', NULL, NULL);
INSERT INTO `menu` VALUES ('素炒莴笋叶', '阳光小厨', '便餐类', '2.00', NULL, NULL);
INSERT INTO `menu` VALUES ('红枣乌鸡汤', '阳光小厨', '便餐类', '5.00', NULL, NULL);
INSERT INTO `menu` VALUES ('红烧冬瓜', '阳光小厨', '便餐类', '2.00', NULL, NULL);
INSERT INTO `menu` VALUES ('红烧千叶豆腐', '阳光小厨', '便餐类', '3.50', NULL, NULL);
INSERT INTO `menu` VALUES ('红烧日本豆腐', '阳光小厨', '便餐类', '3.00', NULL, NULL);
INSERT INTO `menu` VALUES ('红烧狮子头', '阳光小厨', '便餐类', '5.00', NULL, NULL);
INSERT INTO `menu` VALUES ('红烧豆腐泡', '阳光小厨', '便餐类', '2.50', NULL, NULL);
INSERT INTO `menu` VALUES ('红烧鱼块', '阳光小厨', '便餐类', '5.00', NULL, NULL);
INSERT INTO `menu` VALUES ('肉丝炒笋', '阳光小厨', '便餐类', '3.00', NULL, NULL);
INSERT INTO `menu` VALUES ('肉丝炒腐竹', '阳光小厨', '便餐类', '3.00', NULL, NULL);
INSERT INTO `menu` VALUES ('肉丝炒花菜', '阳光小厨', '便餐类', '3.00', NULL, NULL);
INSERT INTO `menu` VALUES ('肉丝烧面筋', '阳光小厨', '便餐类', '4.00', NULL, NULL);
INSERT INTO `menu` VALUES ('肉末烧冬瓜', '阳光小厨', '便餐类', '2.50', NULL, NULL);
INSERT INTO `menu` VALUES ('肉末烧土豆', '阳光小厨', '便餐类', '4.00', NULL, NULL);
INSERT INTO `menu` VALUES ('肉沫茄子', '阳光小厨', '便餐类', '3.00', NULL, NULL);
INSERT INTO `menu` VALUES ('肉沫蒸蛋', '阳光小厨', '便餐类', '4.00', NULL, NULL);
INSERT INTO `menu` VALUES ('肉片炒木耳', '阳光小厨', '便餐类', '3.00', NULL, NULL);
INSERT INTO `menu` VALUES ('腐竹炖五花肉', '阳光小厨', '便餐类', '6.00', NULL, NULL);
INSERT INTO `menu` VALUES ('花菜炒香肠', '阳光小厨', '便餐类', '3.50', NULL, NULL);
INSERT INTO `menu` VALUES ('苦瓜炒肉丝', '阳光小厨', '便餐类', '3.00', NULL, NULL);
INSERT INTO `menu` VALUES ('苦瓜炒蛋', '阳光小厨', '便餐类', '3.00', NULL, NULL);
INSERT INTO `menu` VALUES ('茭白炒肉没', '阳光小厨', '便餐类', '4.00', NULL, NULL);
INSERT INTO `menu` VALUES ('茶菇老鸭汤', '阳光小厨', '便餐类', '5.00', NULL, NULL);
INSERT INTO `menu` VALUES ('荔枝鱼片', '阳光小厨', '便餐类', '5.00', NULL, NULL);
INSERT INTO `menu` VALUES ('莴笋炒肉丝', '阳光小厨', '便餐类', '3.00', NULL, NULL);
INSERT INTO `menu` VALUES ('萝卜干炒蛋', '阳光小厨', '便餐类', '3.00', NULL, NULL);
INSERT INTO `menu` VALUES ('萝卜排骨汤', '阳光小厨', '便餐类', '5.00', NULL, NULL);
INSERT INTO `menu` VALUES ('葱油光芋仔', '阳光小厨', '便餐类', '3.00', NULL, NULL);
INSERT INTO `menu` VALUES ('葱油南瓜', '阳光小厨', '便餐类', '2.00', NULL, NULL);
INSERT INTO `menu` VALUES ('蒜拌菠菜', '阳光小厨', '便餐类', '2.00', NULL, NULL);
INSERT INTO `menu` VALUES ('蒜泥空心菜', '阳光小厨', '便餐类', '2.00', NULL, NULL);
INSERT INTO `menu` VALUES ('蒜炒上海青', '阳光小厨', '便餐类', '2.00', NULL, NULL);
INSERT INTO `menu` VALUES ('蒜苔炒鸡心', '阳光小厨', '便餐类', '5.50', NULL, NULL);
INSERT INTO `menu` VALUES ('蒜苔炒鸭胗带', '阳光小厨', '便餐类', '6.00', NULL, NULL);
INSERT INTO `menu` VALUES ('蘑菇烧肉', '阳光小厨', '便餐类', '4.00', NULL, NULL);
INSERT INTO `menu` VALUES ('虫草老鸭汤', '阳光小厨', '便餐类', '5.00', NULL, NULL);
INSERT INTO `menu` VALUES ('蚝油肉片', '阳光小厨', '便餐类', '6.00', NULL, NULL);
INSERT INTO `menu` VALUES ('西红柿炒蛋', '阳光小厨', '便餐类', '3.00', NULL, NULL);
INSERT INTO `menu` VALUES ('酸菜肉沫芋子', '阳光小厨', '便餐类', '3.00', NULL, NULL);
INSERT INTO `menu` VALUES ('酸菜鱼', '阳光小厨', '便餐类', '5.50', NULL, NULL);
INSERT INTO `menu` VALUES ('酸辣土豆丝', '阳光小厨', '便餐类', '2.00', NULL, NULL);
INSERT INTO `menu` VALUES ('酸辣藕丁', '阳光小厨', '便餐类', '3.00', NULL, NULL);
INSERT INTO `menu` VALUES ('金针菇炒蛋', '阳光小厨', '便餐类', '3.00', NULL, NULL);
INSERT INTO `menu` VALUES ('雪花鸡柳', '阳光小厨', '便餐类', '5.00', NULL, NULL);
INSERT INTO `menu` VALUES ('韭菜炒猪血', '阳光小厨', '便餐类', '3.00', NULL, NULL);
INSERT INTO `menu` VALUES ('韭菜炒蛋', '阳光小厨', '便餐类', '3.00', NULL, NULL);
INSERT INTO `menu` VALUES ('韭菜炒银芽', '阳光小厨', '便餐类', '1.50', NULL, NULL);
INSERT INTO `menu` VALUES ('香干炒肉丝', '阳光小厨', '便餐类', '4.00', NULL, NULL);
INSERT INTO `menu` VALUES ('香菇炒肉', '阳光小厨', '便餐类', '4.00', NULL, NULL);
INSERT INTO `menu` VALUES ('香菇炖鸡', '阳光小厨', '便餐类', '6.00', NULL, NULL);
INSERT INTO `menu` VALUES ('香菇蛋饺', '阳光小厨', '便餐类', '3.00', NULL, NULL);
INSERT INTO `menu` VALUES ('香菜拍黄瓜', '阳光小厨', '便餐类', '2.00', NULL, NULL);
INSERT INTO `menu` VALUES ('香辣连心脆', '阳光小厨', '便餐类', '5.00', NULL, NULL);
INSERT INTO `menu` VALUES ('香辣鸡块', '阳光小厨', '便餐类', '5.50', NULL, NULL);
INSERT INTO `menu` VALUES ('鱼香肉丝', '阳光小厨', '便餐类', '4.00', NULL, NULL);
INSERT INTO `menu` VALUES ('鱼香茄子', '阳光小厨', '便餐类', '3.00', NULL, NULL);
INSERT INTO `menu` VALUES ('麻婆豆腐', '阳光小厨', '便餐类', '2.00', NULL, NULL);
INSERT INTO `menu` VALUES ('麻辣豆腐', '阳光小厨', '便餐类', '3.00', NULL, NULL);
INSERT INTO `menu` VALUES ('麻辣鸭血', '阳光小厨', '便餐类', '3.00', NULL, NULL);
INSERT INTO `menu` VALUES ('黄焖鸡块', '阳光小厨', '便餐类', '6.00', NULL, NULL);
INSERT INTO `menu` VALUES ('黄瓜炒蛋', '阳光小厨', '便餐类', '3.00', NULL, NULL);
INSERT INTO `menu` VALUES ('黄豆炖猪蹄', '阳光小厨', '便餐类', '6.00', NULL, NULL);
INSERT INTO `menu` VALUES ('黄金鸡蛋卷', '阳光小厨', '便餐类', '3.00', NULL, NULL);
INSERT INTO `menu` VALUES ('黑椒肉片', '阳光小厨', '便餐类', '6.00', NULL, NULL);
INSERT INTO `menu` VALUES ('八宝粥', '面夫子', '粥类', '2.50', NULL, NULL);
INSERT INTO `menu` VALUES ('八珍糯米包', '面夫子', '面食类', '2.00', NULL, NULL);
INSERT INTO `menu` VALUES ('南瓜蒸糕', '面夫子', '面食类', '2.50', NULL, NULL);
INSERT INTO `menu` VALUES ('台湾卤肉包', '面夫子', '面食类', '2.50', NULL, NULL);
INSERT INTO `menu` VALUES ('奶黄包', '面夫子', '面食类', '1.50', NULL, NULL);
INSERT INTO `menu` VALUES ('小米南瓜粥', '面夫子', '粥类', '2.50', NULL, NULL);
INSERT INTO `menu` VALUES ('开花馒头', '面夫子', '面食类', '1.50', NULL, NULL);
INSERT INTO `menu` VALUES ('梅菜扣肉包', '面夫子', '面食类', '2.00', NULL, NULL);
INSERT INTO `menu` VALUES ('烧麦', '面夫子', '面食类', '1.50', NULL, NULL);
INSERT INTO `menu` VALUES ('牛奶燕麦粥', '面夫子', '粥类', '3.00', NULL, NULL);
INSERT INTO `menu` VALUES ('牛奶馒头', '面夫子', '面食类', '1.00', NULL, NULL);
INSERT INTO `menu` VALUES ('现磨红枣豆浆', '面夫子', '饮品类', '2.00', NULL, NULL);
INSERT INTO `menu` VALUES ('皮蛋瘦肉粥', '面夫子', '粥类', '3.00', NULL, NULL);
INSERT INTO `menu` VALUES ('粉丝煎饺', '面夫子', '早餐类', '1.50', NULL, NULL);
INSERT INTO `menu` VALUES ('糯米鸡', '面夫子', '早餐类', '3.50', NULL, NULL);
INSERT INTO `menu` VALUES ('红糖蒸糕', '面夫子', '面食类', '2.50', NULL, NULL);
INSERT INTO `menu` VALUES ('红豆馍', '面夫子', '小吃类', '1.50', NULL, NULL);
INSERT INTO `menu` VALUES ('绿豆粥', '面夫子', '粥类', '2.50', NULL, NULL);
INSERT INTO `menu` VALUES ('青菜包', '面夫子', '面食类', '1.50', NULL, NULL);
INSERT INTO `menu` VALUES ('韭菜煎饺', '面夫子', '早餐类', '1.50', NULL, NULL);
INSERT INTO `menu` VALUES ('鲜肉包', '面夫子', '面食类', '2.00', NULL, NULL);
INSERT INTO `menu` VALUES ('黑米粥', '面夫子', '粥类', '2.50', NULL, NULL);
INSERT INTO `menu` VALUES ('前提子', '饭大人自选餐厅', '便餐类', '5.00', NULL, NULL);
INSERT INTO `menu` VALUES ('卤蛋', '饭大人自选餐厅', '便餐类', '2.00', NULL, NULL);
INSERT INTO `menu` VALUES ('卤鸡腿', '饭大人自选餐厅', '便餐类', '5.00', NULL, NULL);
INSERT INTO `menu` VALUES ('同安封肉', '饭大人自选餐厅', '便餐类', '5.00', NULL, NULL);
INSERT INTO `menu` VALUES ('啤酒鸭', '饭大人自选餐厅', '便餐类', '6.00', NULL, NULL);
INSERT INTO `menu` VALUES ('回锅肉', '饭大人自选餐厅', '便餐类', '6.00', NULL, NULL);
INSERT INTO `menu` VALUES ('宫保鸡丁', '饭大人自选餐厅', '便餐类', '3.00', NULL, NULL);
INSERT INTO `menu` VALUES ('洋葱肥牛', '饭大人自选餐厅', '便餐类', '5.00', NULL, NULL);
INSERT INTO `menu` VALUES ('海带丝', '饭大人自选餐厅', '便餐类', '2.00', NULL, NULL);
INSERT INTO `menu` VALUES ('炒白菜', '饭大人自选餐厅', '便餐类', '1.00', NULL, NULL);
INSERT INTO `menu` VALUES ('炒豆芽', '饭大人自选餐厅', '便餐类', '1.00', NULL, NULL);
INSERT INTO `menu` VALUES ('炖猪蹄', '饭大人自选餐厅', '便餐类', '6.00', NULL, NULL);
INSERT INTO `menu` VALUES ('爆炒鸡杂', '饭大人自选餐厅', '便餐类', '5.00', NULL, NULL);
INSERT INTO `menu` VALUES ('玉米火腿', '饭大人自选餐厅', '便餐类', '3.00', NULL, NULL);
INSERT INTO `menu` VALUES ('粉蒸肉', '饭大人自选餐厅', '便餐类', '6.00', NULL, NULL);
INSERT INTO `menu` VALUES ('糖醋排骨', '饭大人自选餐厅', '便餐类', '5.00', NULL, NULL);
INSERT INTO `menu` VALUES ('红烧狮子头', '饭大人自选餐厅', '便餐类', '5.00', NULL, NULL);
INSERT INTO `menu` VALUES ('红烧肉', '饭大人自选餐厅', '便餐类', '6.00', NULL, NULL);
INSERT INTO `menu` VALUES ('红烧鸡', '饭大人自选餐厅', '便餐类', '6.00', NULL, NULL);
INSERT INTO `menu` VALUES ('红烧鸡排', '饭大人自选餐厅', '便餐类', '5.00', NULL, NULL);
INSERT INTO `menu` VALUES ('荔枝肉', '饭大人自选餐厅', '便餐类', '5.00', NULL, NULL);
INSERT INTO `menu` VALUES ('蒜台肉丝', '饭大人自选餐厅', '便餐类', '5.00', NULL, NULL);
INSERT INTO `menu` VALUES ('蒸蛋', '饭大人自选餐厅', '便餐类', '5.00', NULL, NULL);
INSERT INTO `menu` VALUES ('蜜汁鸭腿餐饭', '饭大人自选餐厅', '套餐类', '11.0', NULL, NULL);
INSERT INTO `menu` VALUES ('西红柿炒蛋', '饭大人自选餐厅', '便餐类', '2.00', NULL, NULL);
INSERT INTO `menu` VALUES ('酸菜鱼', '饭大人自选餐厅', '便餐类', '6.00', NULL, NULL);
INSERT INTO `menu` VALUES ('酸辣土豆丝', '饭大人自选餐厅', '便餐类', '2.00', NULL, NULL);
INSERT INTO `menu` VALUES ('醉排骨', '饭大人自选餐厅', '便餐类', '6.00', NULL, NULL);
INSERT INTO `menu` VALUES ('青椒鱿鱼', '饭大人自选餐厅', '便餐类', '5.00', NULL, NULL);
INSERT INTO `menu` VALUES ('鱼香肉丝', '饭大人自选餐厅', '便餐类', '5.00', NULL, NULL);
INSERT INTO `menu` VALUES ('鱼香茄子', '饭大人自选餐厅', '便餐类', '3.00', NULL, NULL);
INSERT INTO `menu` VALUES ('麻婆豆腐', '饭大人自选餐厅', '便餐类', '2.00', NULL, NULL);
INSERT INTO `menu` VALUES ('黑椒牛肉', '饭大人自选餐厅', '便餐类', '6.00', NULL, NULL);
INSERT INTO `menu` VALUES ('QQ豆腐（大）', '鸡排风云', '小吃类', '12.0', NULL, NULL);
INSERT INTO `menu` VALUES ('QQ豆腐（标）', '鸡排风云', '小吃类', '7.00', NULL, NULL);
INSERT INTO `menu` VALUES ('一品纯茶红', '鸡排风云', '饮品类', '5.00', NULL, NULL);
INSERT INTO `menu` VALUES ('一品纯茶绿', '鸡排风云', '饮品类', '5.00', NULL, NULL);
INSERT INTO `menu` VALUES ('一颗柠檬茶', '鸡排风云', '饮品类', '8.00', NULL, NULL);
INSERT INTO `menu` VALUES ('仙草奶茶红', '鸡排风云', '饮品类', '8.00', NULL, NULL);
INSERT INTO `menu` VALUES ('仙草奶茶绿', '鸡排风云', '饮品类', '8.00', NULL, NULL);
INSERT INTO `menu` VALUES ('仙草蜜红', '鸡排风云', '饮品类', '8.00', NULL, NULL);
INSERT INTO `menu` VALUES ('仙草蜜绿', '鸡排风云', '饮品类', '8.00', NULL, NULL);
INSERT INTO `menu` VALUES ('冰镇可乐', '鸡排风云', '饮品类', '5.00', NULL, NULL);
INSERT INTO `menu` VALUES ('冰镇酸梅汤', '鸡排风云', '饮品类', '6.00', NULL, NULL);
INSERT INTO `menu` VALUES ('原味奶盖红', '鸡排风云', '饮品类', '7.00', NULL, NULL);
INSERT INTO `menu` VALUES ('原味奶盖绿', '鸡排风云', '饮品类', '7.00', NULL, NULL);
INSERT INTO `menu` VALUES ('原味奶茶红', '鸡排风云', '饮品类', '7.00', NULL, NULL);
INSERT INTO `menu` VALUES ('原味奶茶绿', '鸡排风云', '饮品类', '7.00', NULL, NULL);
INSERT INTO `menu` VALUES ('台南花枝丸（大）', '鸡排风云', '小吃类', '12.0', NULL, NULL);
INSERT INTO `menu` VALUES ('台南花枝丸（标）', '鸡排风云', '小吃类', '7.00', NULL, NULL);
INSERT INTO `menu` VALUES ('台式薯条（大）', '鸡排风云', '小吃类', '11.0', NULL, NULL);
INSERT INTO `menu` VALUES ('台式薯条（标）', '鸡排风云', '小吃类', '6.00', NULL, NULL);
INSERT INTO `menu` VALUES ('喷香三角骨（大）', '鸡排风云', '小吃类', '14.0', NULL, NULL);
INSERT INTO `menu` VALUES ('喷香三角骨（标）', '鸡排风云', '小吃类', '9.00', NULL, NULL);
INSERT INTO `menu` VALUES ('奶香沙拉芝士棒（标）', '鸡排风云', '小吃类', '6.00', NULL, NULL);
INSERT INTO `menu` VALUES ('寒天', '鸡排风云', '杂项类', '2.00', NULL, NULL);
INSERT INTO `menu` VALUES ('寒天奶茶红', '鸡排风云', '饮品类', '9.00', NULL, NULL);
INSERT INTO `menu` VALUES ('寒天奶茶绿', '鸡排风云', '饮品类', '9.00', NULL, NULL);
INSERT INTO `menu` VALUES ('寒天草莓果茶', '鸡排风云', '饮品类', '8.00', NULL, NULL);
INSERT INTO `menu` VALUES ('寒天蓝莓果茶', '鸡排风云', '饮品类', '8.00', NULL, NULL);
INSERT INTO `menu` VALUES ('川香翅尖（大）', '鸡排风云', '小吃类', '16.0', NULL, NULL);
INSERT INTO `menu` VALUES ('川香翅尖（标）', '鸡排风云', '小吃类', '10.0', NULL, NULL);
INSERT INTO `menu` VALUES ('日月潭猪肉香肠（标）', '鸡排风云', '小吃类', '5.00', NULL, NULL);
INSERT INTO `menu` VALUES ('柠檬可乐', '鸡排风云', '饮品类', '7.00', NULL, NULL);
INSERT INTO `menu` VALUES ('梅子可乐', '鸡排风云', '饮品类', '7.00', NULL, NULL);
INSERT INTO `menu` VALUES ('椒盐花菜（大）', '鸡排风云', '小吃类', '11.0', NULL, NULL);
INSERT INTO `menu` VALUES ('椒盐花菜（标）', '鸡排风云', '小吃类', '6.00', NULL, NULL);
INSERT INTO `menu` VALUES ('椒香鸭脖（2根）（标）', '鸡排风云', '小吃类', '7.00', NULL, NULL);
INSERT INTO `menu` VALUES ('椰果奶茶红', '鸡排风云', '饮品类', '8.00', NULL, NULL);
INSERT INTO `menu` VALUES ('椰果奶茶绿', '鸡排风云', '饮品类', '8.00', NULL, NULL);
INSERT INTO `menu` VALUES ('火山石烤肠（2根）（标）', '鸡排风云', '小吃类', '8.00', NULL, NULL);
INSERT INTO `menu` VALUES ('熊猫奶盖红', '鸡排风云', '饮品类', '10.0', NULL, NULL);
INSERT INTO `menu` VALUES ('熊猫奶盖绿', '鸡排风云', '饮品类', '10.0', NULL, NULL);
INSERT INTO `menu` VALUES ('燃情伴翅（大）', '鸡排风云', '小吃类', '12.0', NULL, NULL);
INSERT INTO `menu` VALUES ('燃情伴翅（标）', '鸡排风云', '小吃类', '7.00', NULL, NULL);
INSERT INTO `menu` VALUES ('爆浆鸡排（大）', '鸡排风云', '小吃类', '16.0', NULL, NULL);
INSERT INTO `menu` VALUES ('珍珠奶盖红', '鸡排风云', '饮品类', '8.00', NULL, NULL);
INSERT INTO `menu` VALUES ('珍珠奶盖绿', '鸡排风云', '饮品类', '8.00', NULL, NULL);
INSERT INTO `menu` VALUES ('珍珠奶茶红', '鸡排风云', '饮品类', '8.00', NULL, NULL);
INSERT INTO `menu` VALUES ('珍珠奶茶绿', '鸡排风云', '饮品类', '8.00', NULL, NULL);
INSERT INTO `menu` VALUES ('甘梅地瓜（大）', '鸡排风云', '小吃类', '12.0', NULL, NULL);
INSERT INTO `menu` VALUES ('甘梅地瓜（标）', '鸡排风云', '小吃类', '7.00', NULL, NULL);
INSERT INTO `menu` VALUES ('甜不辣（大）', '鸡排风云', '小吃类', '16.0', NULL, NULL);
INSERT INTO `menu` VALUES ('甜不辣（标）', '鸡排风云', '小吃类', '9.00', NULL, NULL);
INSERT INTO `menu` VALUES ('百香果清茶', '鸡排风云', '饮品类', '8.00', NULL, NULL);
INSERT INTO `menu` VALUES ('盐酥鸡（大）', '鸡排风云', '小吃类', '16.0', NULL, NULL);
INSERT INTO `menu` VALUES ('盐酥鸡（标）', '鸡排风云', '小吃类', '9.00', NULL, NULL);
INSERT INTO `menu` VALUES ('脆皮玉米（标）', '鸡排风云', '小吃类', '5.00', NULL, NULL);
INSERT INTO `menu` VALUES ('芋圆', '鸡排风云', '杂项类', '2.00', NULL, NULL);
INSERT INTO `menu` VALUES ('芋圆奶茶红', '鸡排风云', '饮品类', '9.00', NULL, NULL);
INSERT INTO `menu` VALUES ('芋圆奶茶绿', '鸡排风云', '饮品类', '9.00', NULL, NULL);
INSERT INTO `menu` VALUES ('藤椒鸡排', '鸡排风云', '小吃类', '13.0', NULL, NULL);
INSERT INTO `menu` VALUES ('蜂蜜柚子茶', '鸡排风云', '饮品类', '8.00', NULL, NULL);
INSERT INTO `menu` VALUES ('蜂蜜红茶', '鸡排风云', '饮品类', '6.00', NULL, NULL);
INSERT INTO `menu` VALUES ('辣热脆皮鸡块（标）', '鸡排风云', '小吃类', '8.00', NULL, NULL);
INSERT INTO `menu` VALUES ('金桔柠檬', '鸡排风云', '饮品类', '8.00', NULL, NULL);
INSERT INTO `menu` VALUES ('金钻奶盖红', '鸡排风云', '饮品类', '8.00', NULL, NULL);
INSERT INTO `menu` VALUES ('金钻奶盖绿', '鸡排风云', '饮品类', '8.00', NULL, NULL);
INSERT INTO `menu` VALUES ('金钻奶茶红', '鸡排风云', '饮品类', '8.00', NULL, NULL);
INSERT INTO `menu` VALUES ('金钻奶茶绿', '鸡排风云', '饮品类', '8.00', NULL, NULL);
INSERT INTO `menu` VALUES ('风云炸饺（标）', '鸡排风云', '小吃类', '9.00', NULL, NULL);
INSERT INTO `menu` VALUES ('风云鸡排', '鸡排风云', '小吃类', '13.0', NULL, NULL);
INSERT INTO `menu` VALUES ('香骨鸡腿（标）', '鸡排风云', '小吃类', '7.00', NULL, NULL);
INSERT INTO `menu` VALUES ('黄金芋球（标）', '鸡排风云', '小吃类', '5.00', NULL, NULL);
INSERT INTO `menu` VALUES ('黑椒鸡块（标）', '鸡排风云', '小吃类', '5.00', NULL, NULL);
INSERT INTO `menu` VALUES ('椒盐牛肉套案饭', '鸭寨夫人', '套餐类', '13.0', NULL, NULL);
INSERT INTO `menu` VALUES ('烤腿套餐饭', '鸭寨夫人', '套餐类', '13.0', NULL, NULL);
INSERT INTO `menu` VALUES ('烤鸭套餐饭', '鸭寨夫人', '套餐类', '13.0', NULL, NULL);
INSERT INTO `menu` VALUES ('糖醋荔枝肉套餐饭', '鸭寨夫人', '套餐类', '12.0', NULL, NULL);
INSERT INTO `menu` VALUES ('香汁排骨套餐饭', '鸭寨夫人', '套餐类', '13.0', NULL, NULL);
INSERT INTO `menu` VALUES ('鸭腿饭', '鸭寨夫人', '套餐类', '11.0', NULL, NULL);
INSERT INTO `menu` VALUES ('麻辣香锅 荤素搭配 不辣、微辣', '麻辣香锅(1.98/50g)', '杂项类', '1.98', NULL, NULL);
INSERT INTO `menu` VALUES ('麻辣香锅', '麻辣香锅1.98/50g 四楼', '杂项类', '1.98', NULL, NULL);
COMMIT;

-- ----------------------------
-- Table structure for restaurant
-- ----------------------------
DROP TABLE IF EXISTS `restaurant`;
CREATE TABLE `restaurant` (
  `name` varchar(15) NOT NULL,
  `floor` int(1) NOT NULL,
  `score` int(1) DEFAULT NULL,
  PRIMARY KEY (`name`)
) ENGINE=InnoDB DEFAULT CHARSET=utf8;

-- ----------------------------
-- Records of restaurant
-- ----------------------------
BEGIN;
INSERT INTO `restaurant` VALUES ('3楼麻辣香锅(1.98/50g', 3, NULL);
INSERT INTO `restaurant` VALUES ('7°sky', 3, NULL);
INSERT INTO `restaurant` VALUES ('D杯', 6, NULL);
INSERT INTO `restaurant` VALUES ('F牛肉饭', 5, NULL);
INSERT INTO `restaurant` VALUES ('五谷渔粉', 4, NULL);
INSERT INTO `restaurant` VALUES ('兰州拉面', 7, NULL);
INSERT INTO `restaurant` VALUES ('北方煎饼', 6, NULL);
INSERT INTO `restaurant` VALUES ('回洋號', 6, NULL);
INSERT INTO `restaurant` VALUES ('土耳其烤肉饭', 4, NULL);
INSERT INTO `restaurant` VALUES ('好粥道', 3, NULL);
INSERT INTO `restaurant` VALUES ('小明家1.98/50g', 4, NULL);
INSERT INTO `restaurant` VALUES ('小鲜肉快餐', 4, NULL);
INSERT INTO `restaurant` VALUES ('小黑餐点', 4, NULL);
INSERT INTO `restaurant` VALUES ('木桶盖浇饭', 7, NULL);
INSERT INTO `restaurant` VALUES ('水煮世家', 6, NULL);
INSERT INTO `restaurant` VALUES ('江左盟主', 6, NULL);
INSERT INTO `restaurant` VALUES ('江左盟主（1.9/50g）', 6, NULL);
INSERT INTO `restaurant` VALUES ('江左盟煮', 6, NULL);
INSERT INTO `restaurant` VALUES ('测试案例', 6, NULL);
INSERT INTO `restaurant` VALUES ('测试案例2', 6, NULL);
INSERT INTO `restaurant` VALUES ('海南鸡饭', 6, NULL);
INSERT INTO `restaurant` VALUES ('淳百味', 5, NULL);
INSERT INTO `restaurant` VALUES ('港式扒饭', 3, NULL);
INSERT INTO `restaurant` VALUES ('港式铁板烧', 6, NULL);
INSERT INTO `restaurant` VALUES ('源味沙县', 3, NULL);
INSERT INTO `restaurant` VALUES ('烤盘饭', 5, NULL);
INSERT INTO `restaurant` VALUES ('烤肉拌饭瓦罐', 7, NULL);
INSERT INTO `restaurant` VALUES ('烤鱼饭', 3, NULL);
INSERT INTO `restaurant` VALUES ('牛牛麻辣烫1.98/50g', 7, NULL);
INSERT INTO `restaurant` VALUES ('王喜峰麻辣烫(1.98/50g', 5, NULL);
INSERT INTO `restaurant` VALUES ('益禾堂', 4, NULL);
INSERT INTO `restaurant` VALUES ('石锅坊', 3, NULL);
INSERT INTO `restaurant` VALUES ('福味團團', 3, NULL);
INSERT INTO `restaurant` VALUES ('粉面世家', 7, NULL);
INSERT INTO `restaurant` VALUES ('缘味先石锅饭', 5, NULL);
INSERT INTO `restaurant` VALUES ('美味自选快餐', 2, NULL);
INSERT INTO `restaurant` VALUES ('老上海馄饨', 7, NULL);
INSERT INTO `restaurant` VALUES ('老北京杂酱面', 2, NULL);
INSERT INTO `restaurant` VALUES ('肠粉肉粽', 3, NULL);
INSERT INTO `restaurant` VALUES ('苗家酸菜鱼饭', 4, NULL);
INSERT INTO `restaurant` VALUES ('营养快餐', 7, NULL);
INSERT INTO `restaurant` VALUES ('豪客吉', 3, NULL);
INSERT INTO `restaurant` VALUES ('重庆小面', 4, NULL);
INSERT INTO `restaurant` VALUES ('闽南猪脚饭', 7, NULL);
INSERT INTO `restaurant` VALUES ('闽味熏鸭', 6, NULL);
INSERT INTO `restaurant` VALUES ('闽菜盖浇饭', 7, NULL);
INSERT INTO `restaurant` VALUES ('阳光小厨', 6, NULL);
INSERT INTO `restaurant` VALUES ('面夫子', 5, NULL);
INSERT INTO `restaurant` VALUES ('饭大人自选餐厅', 5, NULL);
INSERT INTO `restaurant` VALUES ('鸡排风云', 6, NULL);
INSERT INTO `restaurant` VALUES ('鸭寨夫人', 4, NULL);
INSERT INTO `restaurant` VALUES ('麻辣香锅(1.98/50g)', 5, NULL);
INSERT INTO `restaurant` VALUES ('麻辣香锅1.98/50g 四楼', 4, NULL);
COMMIT;

-- ----------------------------
-- Table structure for soup
-- ----------------------------
DROP TABLE IF EXISTS `soup`;
CREATE TABLE `soup` (
  `floor` int(1) NOT NULL,
  `name` varchar(15) NOT NULL,
  `week` int(1) NOT NULL,
  `score` int(1) DEFAULT NULL,
  PRIMARY KEY (`floor`,`name`)
) ENGINE=InnoDB DEFAULT CHARSET=utf8;

-- ----------------------------
-- Records of soup
-- ----------------------------
BEGIN;
INSERT INTO `soup` VALUES (5, '冬瓜海带汤', 1, NULL);
INSERT INTO `soup` VALUES (5, '心灵鸡汤', 5, NULL);
INSERT INTO `soup` VALUES (5, '番茄鸡蛋汤', 2, NULL);
INSERT INTO `soup` VALUES (5, '紫菜鸡蛋汤', 4, NULL);
INSERT INTO `soup` VALUES (5, '萝卜排骨汤', 6, NULL);
INSERT INTO `soup` VALUES (5, '豆腐肉丝汤', 3, NULL);
INSERT INTO `soup` VALUES (5, '金针菇蛋花汤', 7, NULL);
COMMIT;

-- ----------------------------
-- Table structure for userinfo
-- ----------------------------
DROP TABLE IF EXISTS `userinfo`;
CREATE TABLE `userinfo` (
  `username` varchar(30) NOT NULL,
  `password` varchar(30) NOT NULL,
  `identity` int(1) NOT NULL DEFAULT '1',
  `token` longtext,
  PRIMARY KEY (`username`)
) ENGINE=InnoDB DEFAULT CHARSET=utf8;

-- ----------------------------
-- Records of userinfo
-- ----------------------------
BEGIN;
INSERT INTO `userinfo` VALUES ('280', '2802', 1, NULL);
INSERT INTO `userinfo` VALUES ('2802', '280code', 1, 'eyJhbGciOiJIUzI1NiIsInR5cCI6IkpXVCJ9.eyJ1c2VybmFtZSI6IjI4MDIiLCJwYXNzd29yZCI6IjI4MGNvZGUiLCJpYXQiOjE2MjQ1MzE1MjcsImV4cCI6MTYyNzIwOTkyN30.tpyO0R97WM05KDUxyR6Z7qZ_D7VNEzyqcpSLwnnws-A');
INSERT INTO `userinfo` VALUES ('28022', '280code', 1, NULL);
INSERT INTO `userinfo` VALUES ('280222', '280code', 1, NULL);
INSERT INTO `userinfo` VALUES ('2807', 'eeee', 1, 'eyJhbGciOiJIUzI1NiIsInR5cCI6IkpXVCJ9.eyJ1c2VybmFtZSI6IjI4MDciLCJwYXNzd29yZCI6ImVlZWUiLCJpYXQiOjE2MjQ3MTg4MDcsImV4cCI6MTYyNzM5NzIwN30.t7tODlIXkZ3oYvbyVbcNpGIAwSWryIRjnMRcy1JgGAE');
INSERT INTO `userinfo` VALUES ('280sb', '12345', 1, 'eyJhbGciOiJIUzI1NiIsInR5cCI6IkpXVCJ9.eyJ1c2VybmFtZSI6IjI4MHNiIiwicGFzc3dvcmQiOiIxMjM0NSIsImlhdCI6MTYyNTU2NTg1MSwiZXhwIjoxNjI4MjQ0MjUxfQ.YWIkajfciAfOcBHhTZJB_PFjaFcePN_ub78ExniMYPo');
INSERT INTO `userinfo` VALUES ('a', '1', 1, 'eyJhbGciOiJIUzI1NiIsInR5cCI6IkpXVCJ9.eyJ1c2VybmFtZSI6ImEiLCJwYXNzd29yZCI6IjEiLCJpYXQiOjE2Mzk5ODI4MDUsImV4cCI6MTY0MjY2MTIwNX0.5MxF9ar7_axrwr-upmwHkLT-E_OkNkYK2gVxgxCCnf8');
INSERT INTO `userinfo` VALUES ('administrator', 'admin', 1, NULL);
INSERT INTO `userinfo` VALUES ('alex', '12345', 1, 'eyJhbGciOiJIUzI1NiIsInR5cCI6IkpXVCJ9.eyJ1c2VybmFtZSI6ImFsZXgiLCJwYXNzd29yZCI6IjEyMzQ1IiwiaWF0IjoxNjI1OTMyNTAyLCJleHAiOjE2Mjg2MTA5MDJ9.KQiPCCqYE7orWhjq8apAeb_MnCCL5Y7raGMIPDqox5I');
INSERT INTO `userinfo` VALUES ('dad', '123', 1, 'eyJhbGciOiJIUzI1NiIsInR5cCI6IkpXVCJ9.eyJ1c2VybmFtZSI6ImRhZCIsInBhc3N3b3JkIjoiMTIzIiwiaWF0IjoxNjI0NzE4Nzg4LCJleHAiOjE2MjczOTcxODh9.R5IS3JBNQ_Tc_GHEigyfHgQo2k4jbLqKUmOtLSHEikU');
INSERT INTO `userinfo` VALUES ('llz', '12345', 1, 'eyJhbGciOiJIUzI1NiIsInR5cCI6IkpXVCJ9.eyJ1c2VybmFtZSI6ImxseiIsInBhc3N3b3JkIjoiMTIzNDUiLCJpYXQiOjE2MjU5Mjk2NzUsImV4cCI6MTYyODYwODA3NX0.W7W6tfxsH_NnWPesJaQjJB9MD5_OT7vr5hx3LOnB5Ng');
INSERT INTO `userinfo` VALUES ('springtest', '1', 1, NULL);
INSERT INTO `userinfo` VALUES ('springtest2,1', '123,1', 1, NULL);
INSERT INTO `userinfo` VALUES ('user', '280code', 1, NULL);
INSERT INTO `userinfo` VALUES ('张国霖', '2880', 1, NULL);
INSERT INTO `userinfo` VALUES ('我是傻逼', '12345', 1, 'eyJhbGciOiJIUzI1NiIsInR5cCI6IkpXVCJ9.eyJ1c2VybmFtZSI6IuaIkeaYr-WCu-mAvCIsInBhc3N3b3JkIjoiMTIzNDUiLCJpYXQiOjE2MjU1NjUxNzEsImV4cCI6MTYyODI0MzU3MX0.26zH3bIBsRlPwCLiSUEWsMxzOn9Eq17IjQbrvgg4FRE');
INSERT INTO `userinfo` VALUES ('来自移动端的测试', '123', 1, NULL);
INSERT INTO `userinfo` VALUES ('来自移动端第二次测试', '1234', 1, NULL);
COMMIT;

SET FOREIGN_KEY_CHECKS = 1;
